strategy,market,decision,stage,config,wf_sharpe,reasons
sma_cross,crypto,REJECTED,promising_gate,"{'fast': 50, 'slow': 200}",,10 trades en recherche (< 30); walk-forward impossible (historique trop court)
ema_cross,crypto,REJECTED,promising_gate,"{'fast': 12, 'slow': 26}",,walk-forward impossible (historique trop court)
donchian,crypto,REJECTED,promising_gate,"{'entry': 20, 'exit': 10, 'stop_atr': 2.0}",,walk-forward impossible (historique trop court)
tsmom,crypto,REJECTED,promising_gate,{'lookback': 252},,23 trades en recherche (< 30); walk-forward impossible (historique trop court)
adx_trend,crypto,REJECTED,promising_gate,"{'period': 14, 'threshold': 25}",,walk-forward impossible (historique trop court)
rsi2,crypto,REJECTED,promising_gate,"{'length': 2, 'threshold': 10}",,walk-forward impossible (historique trop court)
rsi2_trend,crypto,REJECTED,promising_gate,"{'threshold': 10, 'trend': 200}",,walk-forward impossible (historique trop court)
bollinger_reversion,crypto,REJECTED,promising_gate,"{'n': 20, 'k': 2.0}",,walk-forward impossible (historique trop court)
pullback,crypto,REJECTED,promising_gate,"{'lookback': 5, 'trend': 200, 'max_hold': 10}",,walk-forward impossible (historique trop court)
ibs,crypto,REJECTED,promising_gate,"{'threshold': 0.2, 'hold': 1}",,walk-forward impossible (historique trop court)
vol_breakout,crypto,REJECTED,promising_gate,"{'k': 0.5, 'use_atr': False}",,walk-forward impossible (historique trop court)
nr7,crypto,REJECTED,promising_gate,"{'n': 7, 'hold': 3}",,walk-forward impossible (historique trop court)
prev_hl_breakout,crypto,REJECTED,promising_gate,"{'buffer_atr': 0.0, 'hold': 1}",,walk-forward impossible (historique trop court)
roc_accel,crypto,REJECTED,promising_gate,"{'n': 20, 'm': 5}",,walk-forward impossible (historique trop court)
mtf_momentum,crypto,REJECTED,promising_gate,"{'long': 120, 'short': 5, 'hold': 10}",,walk-forward impossible (historique trop court)
xs_momentum,crypto,REJECTED,promising_gate,"{'lookback': 126, 'skip': 0}",,walk-forward impossible (historique trop court)
squeeze_breakout,crypto,REJECTED,promising_gate,"{'n': 20, 'quantile': 0.1, 'window': 126, 'hold': 10}",,walk-forward impossible (historique trop court)
atr_breakout,crypto,REJECTED,promising_gate,"{'k': 1.0, 'hold': 10}",,walk-forward impossible (historique trop court)
market_structure,crypto,REJECTED,promising_gate,{'swing': 5},,walk-forward impossible (historique trop court)
liquidity_sweep,crypto,REJECTED,promising_gate,"{'lookback': 20, 'hold': 5}",,walk-forward impossible (historique trop court)
rejection,crypto,REJECTED,promising_gate,"{'wick': 0.5, 'lookback': 20, 'hold': 5}",,walk-forward impossible (historique trop court)
volume_spike,crypto,REJECTED,promising_gate,"{'k': 2.0, 'hold': 5}",,walk-forward impossible (historique trop court)
volume_divergence,crypto,REJECTED,promising_gate,"{'lookback': 20, 'hold': 5}",,walk-forward impossible (historique trop court)
pairs,crypto,REJECTED,promising_gate,"{'window': 120, 'entry': 2.0}",,walk-forward impossible (historique trop court)
mr_equity_basket,multi,PROMISING,deep_validation,"{'members': (('rsi2_trend', 'indices'), ('bollinger_reversion', 'indices'), ('pullback', 'indices'), ('ibs', 'indices'), ('rsi2_trend', 'equities'), ('bollinger_reversion', 'equities'), ('pullback', 'equities'), ('ibs', 'equities'), ('rsi2_trend', 'futures'), ('bollinger_reversion', 'futures'), ('pullback', 'futures'), ('ibs', 'futures'))}",0.4801093785633949,robustesse 62% (< 70%); Sharpe déflaté 0.00 sur 1300 essais (< 0.9)
trend_multiclass,multi,PROMISING,deep_validation,"{'members': (('tsmom', 'fx'), ('sma_cross', 'fx'), ('donchian', 'fx'), ('tsmom', 'indices'), ('sma_cross', 'indices'), ('donchian', 'indices'), ('tsmom', 'futures'), ('sma_cross', 'futures'), ('donchian', 'futures'), ('tsmom', 'equities'), ('sma_cross', 'equities'), ('donchian', 'equities'), ('tsmom', 'crypto'), ('sma_cross', 'crypto'), ('donchian', 'crypto'), ('tsmom', 'metals'), ('sma_cross', 'metals'), ('donchian', 'metals'), ('tsmom', 'commodities'), ('sma_cross', 'commodities'), ('donchian', 'commodities'))}",0.35610571143770925,Sharpe déflaté 0.00 sur 1300 essais (< 0.9); P(drawdown > 25 %) = 17% au Monte Carlo (> 10%)
