symbole,entrée,sortie,sens,prix_entrée,prix_sortie,brut_bp,coût_bp,net_bp,net_eur,motif_sortie
QQQ,2026-06-09T14:45:00+00:00,2026-06-09T15:15:00+00:00,achat,712.18,709.16,-42.4053,0.7,-43.1053,-0.4311,durée
SPY,2026-06-09T14:45:00+00:00,2026-06-09T15:15:00+00:00,achat,738.63,736.23,-32.4929,0.5,-32.9929,-0.3299,durée
QQQ,2026-06-09T15:25:00+00:00,2026-06-09T15:55:00+00:00,achat,705.56,697.71,-111.2588,0.7,-111.9588,-1.1196,durée
SPY,2026-06-09T15:25:00+00:00,2026-06-09T15:55:00+00:00,achat,734.1,729.06,-68.6552,0.5,-69.1552,-0.6916,durée
QQQ,2026-06-09T16:05:00+00:00,2026-06-09T16:35:00+00:00,achat,698.33,687.31,-157.8053,0.7,-158.5053,-1.5851,durée
SPY,2026-06-09T16:05:00+00:00,2026-06-09T16:35:00+00:00,achat,729.61,723.34,-85.9358,0.5,-86.4358,-0.8644,durée
QQQ,2026-06-09T16:45:00+00:00,2026-06-09T17:15:00+00:00,achat,689.89,698.48,124.5121,0.7,123.8121,1.2381,durée
SPY,2026-06-09T16:45:00+00:00,2026-06-09T17:15:00+00:00,achat,724.675,729.9325,72.5499,0.5,72.0499,0.7205,durée
SPY,2026-06-09T17:45:00+00:00,2026-06-09T18:15:00+00:00,vente,732.98,734.43,-19.7824,0.5,-20.2824,-0.2028,durée
SPY,2026-06-09T18:25:00+00:00,2026-06-09T18:55:00+00:00,vente,735.06,736.74,-22.8552,0.5,-23.3552,-0.2336,durée
QQQ,2026-06-09T19:00:00+00:00,2026-06-09T19:30:00+00:00,vente,706.7,704.54,30.5651,0.7,29.8651,0.2987,durée
QQQ,2026-06-10T13:35:00+00:00,2026-06-10T14:05:00+00:00,achat,699.88,708.4801,122.8796,0.7,122.1796,1.2218,durée
SPY,2026-06-10T13:35:00+00:00,2026-06-10T14:05:00+00:00,achat,731.805,737.125,72.6971,0.5,72.1971,0.722,durée
QQQ,2026-06-10T14:25:00+00:00,2026-06-10T14:55:00+00:00,vente,710.47,702.82,107.6747,0.7,106.9747,1.0697,durée
SPY,2026-06-10T14:25:00+00:00,2026-06-10T14:55:00+00:00,vente,738.22,732.84,72.8772,0.5,72.3772,0.7238,durée
QQQ,2026-06-10T15:10:00+00:00,2026-06-10T15:40:00+00:00,achat,701.06,701.67,8.7009,0.7,8.0009,0.08,durée
SPY,2026-06-10T15:10:00+00:00,2026-06-10T15:40:00+00:00,achat,731.78,732.27,6.6959,0.5,6.1959,0.062,durée
QQQ,2026-06-10T15:50:00+00:00,2026-06-10T16:20:00+00:00,achat,698.17,698.17,0.0,0.7,-0.7,-0.007,durée
SPY,2026-06-10T15:50:00+00:00,2026-06-10T16:20:00+00:00,achat,729.94,730.13,2.603,0.5,2.103,0.021,durée
QQQ,2026-06-10T17:10:00+00:00,2026-06-10T17:40:00+00:00,achat,697.41,695.97,-20.6479,0.7,-21.3479,-0.2135,durée
SPY,2026-06-10T17:10:00+00:00,2026-06-10T17:35:00+00:00,achat,729.67,728.2698,-19.1898,0.5,-19.6898,-0.1969,stop
SPY,2026-06-10T17:45:00+00:00,2026-06-10T18:15:00+00:00,achat,727.97,729.795,25.0699,0.5,24.5699,0.2457,durée
QQQ,2026-06-10T18:05:00+00:00,2026-06-10T18:35:00+00:00,vente,701.03,696.76,60.9107,0.7,60.2107,0.6021,durée
QQQ,2026-06-11T13:45:00+00:00,2026-06-11T13:45:00+00:00,vente,698.95,701.9469,-42.8775,0.7,-43.5775,-0.4358,stop
QQQ,2026-06-11T13:55:00+00:00,2026-06-11T14:25:00+00:00,vente,704.49,702.125,33.5702,0.7,32.8702,0.3287,durée
SPY,2026-06-11T13:55:00+00:00,2026-06-11T14:25:00+00:00,vente,731.01,728.815,30.027,0.5,29.527,0.2953,durée
SPY,2026-06-11T15:00:00+00:00,2026-06-11T15:30:00+00:00,achat,725.57,727.53,27.0135,0.5,26.5135,0.2651,durée
QQQ,2026-06-11T16:10:00+00:00,2026-06-11T16:40:00+00:00,vente,702.71,702.44,3.8425,0.7,3.1425,0.0314,durée
SPY,2026-06-11T16:15:00+00:00,2026-06-11T16:45:00+00:00,vente,729.95,728.305,22.5361,0.5,22.0361,0.2204,durée
SPY,2026-06-11T17:00:00+00:00,2026-06-11T17:30:00+00:00,achat,726.54,734.23,105.8442,0.5,105.3442,1.0534,durée
QQQ,2026-06-11T17:05:00+00:00,2026-06-11T17:35:00+00:00,achat,698.6701,709.5838,156.2067,0.7,155.5067,1.5551,durée
SPY,2026-06-11T17:40:00+00:00,2026-06-11T18:10:00+00:00,vente,734.27,734.31,-0.5445,0.5,-1.0445,-0.0104,durée
QQQ,2026-06-11T17:45:00+00:00,2026-06-11T18:15:00+00:00,vente,712.07,711.42,9.1287,0.7,8.4287,0.0843,durée
QQQ,2026-06-11T19:20:00+00:00,2026-06-11T19:50:00+00:00,vente,714.65,716.9395,-32.0365,0.7,-32.7365,-0.3274,durée
SPY,2026-06-11T19:25:00+00:00,2026-06-11T19:30:00+00:00,vente,737.33,739.8024,-33.5317,0.5,-34.0317,-0.3403,stop
QQQ,2026-06-12T14:10:00+00:00,2026-06-12T14:40:00+00:00,vente,719.63,715.59,56.1397,0.7,55.4397,0.5544,durée
SPY,2026-06-12T14:10:00+00:00,2026-06-12T14:40:00+00:00,vente,740.19,738.0001,29.5854,0.5,29.0854,0.2909,durée
QQQ,2026-06-12T14:55:00+00:00,2026-06-12T15:25:00+00:00,vente,720.19,723.65,-48.0432,0.7,-48.7432,-0.4874,durée
SPY,2026-06-12T14:55:00+00:00,2026-06-12T15:25:00+00:00,vente,741.61,744.15,-34.2503,0.5,-34.7503,-0.3475,durée
QQQ,2026-06-12T19:35:00+00:00,2026-06-12T19:55:00+00:00,achat,720.16,721.32,16.108,0.7,15.408,0.1541,clôture
SPY,2026-06-12T19:35:00+00:00,2026-06-12T19:55:00+00:00,achat,740.53,741.66,15.2586,0.5,14.7586,0.1476,clôture
QQQ,2026-06-15T13:35:00+00:00,2026-06-15T14:05:00+00:00,vente,738.64,740.3899,-23.6905,0.7,-24.3905,-0.2439,durée
SPY,2026-06-15T13:35:00+00:00,2026-06-15T14:05:00+00:00,vente,752.7,753.23,-7.0409,0.5,-7.5409,-0.0754,durée
QQQ,2026-06-15T15:30:00+00:00,2026-06-15T16:00:00+00:00,vente,743.16,744.19,-13.8601,0.7,-14.5601,-0.1456,durée
SPY,2026-06-15T15:30:00+00:00,2026-06-15T16:00:00+00:00,vente,755.12,756.4909,-18.1548,0.5,-18.6548,-0.1865,stop
SPY,2026-06-15T16:10:00+00:00,2026-06-15T16:40:00+00:00,vente,756.3,755.91,5.1569,0.5,4.6569,0.0466,durée
SPY,2026-06-15T17:55:00+00:00,2026-06-15T18:00:00+00:00,achat,755.41,754.8415,-7.5253,0.5,-8.0253,-0.0803,stop
QQQ,2026-06-15T18:05:00+00:00,2026-06-15T18:35:00+00:00,achat,742.95,743.97,13.7285,0.7,13.0285,0.1303,durée
SPY,2026-06-15T18:10:00+00:00,2026-06-15T18:40:00+00:00,achat,755.02,755.25,3.046,0.5,2.546,0.0255,durée
QQQ,2026-06-15T19:25:00+00:00,2026-06-15T19:55:00+00:00,achat,743.02,743.81,10.632,0.7,9.932,0.0993,durée
SPY,2026-06-15T19:30:00+00:00,2026-06-15T19:55:00+00:00,achat,754.37,753.5765,-10.5188,0.5,-11.0188,-0.1102,stop
QQQ,2026-06-16T13:35:00+00:00,2026-06-16T14:05:00+00:00,achat,741.84,743.252,19.0336,0.7,18.3336,0.1833,durée
SPY,2026-06-16T14:00:00+00:00,2026-06-16T14:20:00+00:00,achat,754.11,753.3808,-9.6696,0.5,-10.1696,-0.1017,stop
QQQ,2026-06-16T14:20:00+00:00,2026-06-16T14:20:00+00:00,achat,740.54,738.9869,-20.9724,0.7,-21.6724,-0.2167,stop
QQQ,2026-06-16T14:30:00+00:00,2026-06-16T14:55:00+00:00,achat,739.09,736.6659,-32.7989,0.7,-33.4989,-0.335,stop
SPY,2026-06-16T14:30:00+00:00,2026-06-16T15:00:00+00:00,achat,753.065,753.31,3.2533,0.5,2.7533,0.0275,durée
QQQ,2026-06-16T15:25:00+00:00,2026-06-16T15:55:00+00:00,achat,736.21,733.9501,-30.6971,0.7,-31.3971,-0.314,durée
SPY,2026-06-16T15:50:00+00:00,2026-06-16T16:20:00+00:00,achat,752.22,753.52,17.2828,0.5,16.7828,0.1678,durée
SPY,2026-06-16T16:35:00+00:00,2026-06-16T17:05:00+00:00,achat,752.46,752.445,-0.1995,0.5,-0.6995,-0.007,durée
SPY,2026-06-16T17:20:00+00:00,2026-06-16T17:50:00+00:00,achat,752.12,752.5099,5.1839,0.5,4.6839,0.0468,durée
QQQ,2026-06-16T17:40:00+00:00,2026-06-16T18:10:00+00:00,achat,732.53,733.9743,19.7163,0.7,19.0163,0.1902,durée
QQQ,2026-06-16T18:50:00+00:00,2026-06-16T19:10:00+00:00,achat,733.0601,732.0714,-13.488,0.7,-14.188,-0.1419,stop
SPY,2026-06-16T19:10:00+00:00,2026-06-16T19:15:00+00:00,achat,751.35,750.8292,-6.9306,0.5,-7.4306,-0.0743,stop
SPY,2026-06-17T13:40:00+00:00,2026-06-17T14:10:00+00:00,achat,750.39,751.2299,11.1929,0.5,10.6929,0.1069,durée
QQQ,2026-06-17T13:45:00+00:00,2026-06-17T14:15:00+00:00,vente,734.735,733.86,11.9091,0.7,11.2091,0.1121,durée
QQQ,2026-06-17T14:25:00+00:00,2026-06-17T14:55:00+00:00,vente,735.51,731.23,58.1913,0.7,57.4913,0.5749,durée
SPY,2026-06-17T14:25:00+00:00,2026-06-17T14:55:00+00:00,vente,752.11,749.06,40.5524,0.5,40.0524,0.4005,durée
SPY,2026-06-17T15:05:00+00:00,2026-06-17T15:35:00+00:00,achat,749.25,750.715,19.5532,0.5,19.0532,0.1905,durée
QQQ,2026-06-17T17:05:00+00:00,2026-06-17T17:35:00+00:00,achat,731.55,732.71,15.8572,0.7,15.1572,0.1516,durée
SPY,2026-06-17T17:05:00+00:00,2026-06-17T17:05:00+00:00,achat,749.49,748.4665,-13.6563,0.5,-14.1563,-0.1416,stop
SPY,2026-06-17T17:15:00+00:00,2026-06-17T17:45:00+00:00,achat,749.33,749.65,4.2706,0.5,3.7706,0.0377,durée
QQQ,2026-06-17T18:00:00+00:00,2026-06-17T18:30:00+00:00,vente,734.06,728.35,77.7869,0.7,77.0869,0.7709,durée
SPY,2026-06-17T18:05:00+00:00,2026-06-17T18:35:00+00:00,achat,745.21,748.035,37.9081,0.5,37.4081,0.3741,durée
QQQ,2026-06-17T18:45:00+00:00,2026-06-17T19:15:00+00:00,vente,735.03,728.08,94.5541,0.7,93.8541,0.9385,durée
QQQ,2026-06-17T19:25:00+00:00,2026-06-17T19:55:00+00:00,achat,725.32,722.4,-40.2579,0.7,-40.9579,-0.4096,durée
QQQ,2026-06-18T13:35:00+00:00,2026-06-18T14:05:00+00:00,vente,734.63,736.5601,-26.2733,0.7,-26.9733,-0.2697,durée
QQQ,2026-06-18T16:25:00+00:00,2026-06-18T16:55:00+00:00,vente,738.99,739.335,-4.669,0.7,-5.369,-0.0537,durée
SPY,2026-06-18T16:40:00+00:00,2026-06-18T17:10:00+00:00,vente,747.19,747.585,-5.2867,0.5,-5.7867,-0.0579,durée
SPY,2026-06-18T17:20:00+00:00,2026-06-18T17:50:00+00:00,vente,747.99,747.245,9.96,0.5,9.46,0.0946,durée
SPY,2026-06-18T18:35:00+00:00,2026-06-18T19:05:00+00:00,achat,746.38,745.915,-6.2304,0.5,-6.7304,-0.0673,durée
QQQ,2026-06-18T18:40:00+00:00,2026-06-18T19:10:00+00:00,achat,739.02,738.63,-5.2775,0.7,-5.9775,-0.0598,durée
SPY,2026-06-18T19:15:00+00:00,2026-06-18T19:45:00+00:00,achat,745.53,747.0,19.7171,0.5,19.2171,0.1922,durée
QQQ,2026-06-18T19:40:00+00:00,2026-06-18T19:45:00+00:00,vente,740.27,741.1324,-11.6493,0.7,-12.3493,-0.1235,stop
QQQ,2026-06-18T19:55:00+00:00,2026-06-18T19:55:00+00:00,vente,740.965,739.69,17.2076,0.7,16.5076,0.1651,clôture
SPY,2026-06-18T19:55:00+00:00,2026-06-18T19:55:00+00:00,vente,747.44,746.59,11.3718,0.5,10.8718,0.1087,clôture
QQQ,2026-06-22T13:35:00+00:00,2026-06-22T13:35:00+00:00,vente,741.15,742.5419,-18.7798,0.7,-19.4798,-0.1948,stop
SPY,2026-06-22T13:35:00+00:00,2026-06-22T13:35:00+00:00,vente,748.1,749.22,-14.9717,0.5,-15.4717,-0.1547,stop
SPY,2026-06-22T13:45:00+00:00,2026-06-22T14:10:00+00:00,vente,748.21,750.0303,-24.3282,0.5,-24.8282,-0.2483,stop
QQQ,2026-06-22T13:50:00+00:00,2026-06-22T14:20:00+00:00,vente,743.31,741.55,23.678,0.7,22.978,0.2298,durée
QQQ,2026-06-22T14:45:00+00:00,2026-06-22T15:15:00+00:00,achat,737.32,736.81,-6.9171,0.7,-7.6171,-0.0762,durée
SPY,2026-06-22T14:45:00+00:00,2026-06-22T15:15:00+00:00,achat,744.5338,744.19,-4.6178,0.5,-5.1178,-0.0512,durée
QQQ,2026-06-22T17:50:00+00:00,2026-06-22T18:20:00+00:00,vente,737.07,738.1892,-15.1841,0.7,-15.8841,-0.1588,stop
SPY,2026-06-22T17:55:00+00:00,2026-06-22T18:25:00+00:00,vente,745.22,745.1299,1.2089,0.5,0.7089,0.0071,durée
SPY,2026-06-22T18:55:00+00:00,2026-06-22T19:05:00+00:00,achat,744.06,743.4046,-8.8083,0.5,-9.3083,-0.0931,stop
QQQ,2026-06-22T19:00:00+00:00,2026-06-22T19:30:00+00:00,achat,735.76,736.27,6.9317,0.7,6.2317,0.0623,durée
SPY,2026-06-22T19:15:00+00:00,2026-06-22T19:45:00+00:00,achat,743.92,743.77,-2.0159,0.5,-2.5159,-0.0252,durée
QQQ,2026-06-23T13:35:00+00:00,2026-06-23T14:05:00+00:00,achat,716.78,721.83,70.4538,0.7,69.7538,0.6975,durée
SPY,2026-06-23T13:35:00+00:00,2026-06-23T14:05:00+00:00,achat,733.9,738.38,61.0435,0.5,60.5435,0.6054,durée
QQQ,2026-06-23T15:30:00+00:00,2026-06-23T16:00:00+00:00,achat,715.7,718.93,45.1304,0.7,44.4304,0.4443,durée
SPY,2026-06-23T15:40:00+00:00,2026-06-23T16:10:00+00:00,achat,734.5,737.48,40.5716,0.5,40.0716,0.4007,durée
QQQ,2026-06-23T17:55:00+00:00,2026-06-23T18:25:00+00:00,achat,716.45,715.88,-7.956,0.7,-8.656,-0.0866,durée
SPY,2026-06-23T17:55:00+00:00,2026-06-23T18:25:00+00:00,achat,736.08,735.4,-9.238,0.5,-9.738,-0.0974,durée
QQQ,2026-06-23T18:35:00+00:00,2026-06-23T18:45:00+00:00,achat,715.4101,712.5633,-39.7918,0.7,-40.4918,-0.4049,stop
SPY,2026-06-23T18:35:00+00:00,2026-06-23T18:50:00+00:00,achat,735.135,733.3985,-23.6218,0.5,-24.1218,-0.2412,stop
QQQ,2026-06-23T18:55:00+00:00,2026-06-23T19:25:00+00:00,achat,712.77,715.23,34.5127,0.7,33.8127,0.3381,durée
SPY,2026-06-23T19:00:00+00:00,2026-06-23T19:30:00+00:00,achat,734.0,734.99,13.4876,0.5,12.9876,0.1299,durée
QQQ,2026-06-24T13:35:00+00:00,2026-06-24T14:05:00+00:00,vente,717.72,714.53,44.4455,0.7,43.7455,0.4375,durée
SPY,2026-06-24T13:35:00+00:00,2026-06-24T14:05:00+00:00,vente,736.84,735.74,14.9291,0.5,14.4291,0.1443,durée
QQQ,2026-06-24T14:20:00+00:00,2026-06-24T14:50:00+00:00,achat,712.18,717.6858,77.3091,0.7,76.6091,0.7661,durée
SPY,2026-06-24T14:35:00+00:00,2026-06-24T14:45:00+00:00,vente,736.94,738.8453,-25.8535,0.5,-26.3535,-0.2635,stop
SPY,2026-06-24T14:55:00+00:00,2026-06-24T15:25:00+00:00,vente,738.425,739.64,-16.4543,0.5,-16.9543,-0.1695,durée
QQQ,2026-06-24T15:00:00+00:00,2026-06-24T15:30:00+00:00,vente,719.57,716.94,36.5497,0.7,35.8497,0.3585,durée
QQQ,2026-06-24T16:35:00+00:00,2026-06-24T16:40:00+00:00,achat,715.3,713.4488,-25.8792,0.7,-26.5792,-0.2658,stop
SPY,2026-06-24T16:40:00+00:00,2026-06-24T17:05:00+00:00,achat,736.5312,735.2065,-17.9854,0.5,-18.4854,-0.1849,stop
QQQ,2026-06-24T16:50:00+00:00,2026-06-24T17:15:00+00:00,achat,713.58,710.8589,-38.1327,0.7,-38.8327,-0.3883,stop
SPY,2026-06-24T17:15:00+00:00,2026-06-24T17:30:00+00:00,achat,734.78,731.9959,-37.8903,0.5,-38.3903,-0.3839,stop
QQQ,2026-06-24T17:25:00+00:00,2026-06-24T17:55:00+00:00,achat,709.01,707.46,-21.8613,0.7,-22.5613,-0.2256,durée
SPY,2026-06-24T17:40:00+00:00,2026-06-24T18:10:00+00:00,achat,732.5,732.88,5.1878,0.5,4.6878,0.0469,durée
QQQ,2026-06-25T13:35:00+00:00,2026-06-25T14:05:00+00:00,vente,723.56,712.815,148.5018,0.7,147.8018,1.478,durée
SPY,2026-06-25T13:35:00+00:00,2026-06-25T14:05:00+00:00,vente,737.31,734.91,32.5511,0.5,32.0511,0.3205,durée
SPY,2026-06-25T14:35:00+00:00,2026-06-25T15:05:00+00:00,vente,736.38,734.76,21.9994,0.5,21.4994,0.215,durée
QQQ,2026-06-25T16:10:00+00:00,2026-06-25T16:40:00+00:00,vente,717.17,713.85,46.2932,0.7,45.5932,0.4559,durée
SPY,2026-06-25T16:40:00+00:00,2026-06-25T17:10:00+00:00,achat,732.77,733.22,6.1404,0.5,5.6404,0.0564,durée
QQQ,2026-06-25T18:20:00+00:00,2026-06-25T18:50:00+00:00,vente,718.3399,716.665,23.3166,0.7,22.6166,0.2262,durée
SPY,2026-06-25T18:20:00+00:00,2026-06-25T18:50:00+00:00,vente,734.82,733.685,15.4461,0.5,14.9461,0.1495,durée
QQQ,2026-06-25T19:05:00+00:00,2026-06-25T19:35:00+00:00,achat,714.8052,713.71,-15.321,0.7,-16.021,-0.1602,durée
QQQ,2026-06-26T13:35:00+00:00,2026-06-26T14:05:00+00:00,achat,704.05,712.165,115.2616,0.7,114.5616,1.1456,durée
SPY,2026-06-26T13:35:00+00:00,2026-06-26T14:05:00+00:00,achat,727.86,733.02,70.8932,0.5,70.3932,0.7039,durée
QQQ,2026-06-26T15:40:00+00:00,2026-06-26T16:10:00+00:00,vente,714.23,711.72,35.1429,0.7,34.4429,0.3444,durée
SPY,2026-06-26T15:40:00+00:00,2026-06-26T16:10:00+00:00,vente,735.8,734.12,22.8322,0.5,22.3322,0.2233,durée
QQQ,2026-06-26T17:10:00+00:00,2026-06-26T17:40:00+00:00,vente,714.9199,712.7218,30.7464,0.7,30.0464,0.3005,durée
QQQ,2026-06-26T18:00:00+00:00,2026-06-26T18:25:00+00:00,achat,711.47,709.7107,-24.7278,0.7,-25.4278,-0.2543,stop
SPY,2026-06-26T18:20:00+00:00,2026-06-26T18:45:00+00:00,achat,733.4,732.3196,-14.7323,0.5,-15.2323,-0.1523,stop
QQQ,2026-06-26T18:35:00+00:00,2026-06-26T18:55:00+00:00,achat,710.385,707.8316,-35.944,0.7,-36.644,-0.3664,stop
SPY,2026-06-26T18:55:00+00:00,2026-06-26T19:25:00+00:00,achat,731.79,732.19,5.4664,0.5,4.9664,0.0497,durée
QQQ,2026-06-26T19:05:00+00:00,2026-06-26T19:35:00+00:00,achat,708.09,709.55,20.6183,0.7,19.9183,0.1992,durée
QQQ,2026-06-29T13:35:00+00:00,2026-06-29T14:05:00+00:00,vente,716.86,710.54,88.1624,0.7,87.4624,0.8746,durée
SPY,2026-06-29T13:35:00+00:00,2026-06-29T14:05:00+00:00,vente,738.67,735.0515,48.9863,0.5,48.4863,0.4849,durée
QQQ,2026-06-29T16:25:00+00:00,2026-06-29T16:55:00+00:00,vente,720.415,720.7088,-4.0785,0.7,-4.7785,-0.0478,durée
SPY,2026-06-29T17:10:00+00:00,2026-06-29T17:30:00+00:00,vente,739.28,740.5064,-16.5885,0.5,-17.0885,-0.1709,stop
QQQ,2026-06-29T17:15:00+00:00,2026-06-29T17:45:00+00:00,vente,722.43,723.24,-11.2121,0.7,-11.9121,-0.1191,durée
SPY,2026-06-29T17:40:00+00:00,2026-06-29T18:10:00+00:00,vente,740.3,740.579,-3.7686,0.5,-4.2686,-0.0427,durée
QQQ,2026-06-29T18:45:00+00:00,2026-06-29T19:15:00+00:00,vente,724.06,723.37,9.5296,0.7,8.8296,0.0883,durée
QQQ,2026-06-29T19:25:00+00:00,2026-06-29T19:55:00+00:00,vente,723.97,724.03,-0.8296,0.7,-1.5296,-0.0153,durée
SPY,2026-06-29T19:25:00+00:00,2026-06-29T19:55:00+00:00,vente,741.0,741.4668,-6.2997,0.5,-6.7997,-0.068,stop
QQQ,2026-06-30T13:35:00+00:00,2026-06-30T13:35:00+00:00,vente,727.48,729.2841,-24.7995,0.7,-25.4995,-0.255,stop
SPY,2026-06-30T13:35:00+00:00,2026-06-30T13:35:00+00:00,vente,741.31,741.7964,-6.5607,0.5,-7.0607,-0.0706,stop
QQQ,2026-06-30T13:45:00+00:00,2026-06-30T13:55:00+00:00,vente,728.19,731.2076,-41.4399,0.7,-42.1399,-0.4214,stop
SPY,2026-06-30T13:45:00+00:00,2026-06-30T13:50:00+00:00,vente,741.87,742.6045,-9.9011,0.5,-10.4011,-0.104,stop
SPY,2026-06-30T14:00:00+00:00,2026-06-30T14:30:00+00:00,vente,743.91,745.32,-18.9544,0.5,-19.4544,-0.1945,durée
QQQ,2026-06-30T14:05:00+00:00,2026-06-30T14:35:00+00:00,vente,732.52,732.89,-5.051,0.7,-5.751,-0.0575,durée
QQQ,2026-06-30T15:55:00+00:00,2026-06-30T16:25:00+00:00,vente,734.375,735.035,-8.9869,0.7,-9.6869,-0.0969,durée
SPY,2026-06-30T15:55:00+00:00,2026-06-30T16:25:00+00:00,vente,745.67,746.29,-8.3146,0.5,-8.8146,-0.0881,durée
QQQ,2026-06-30T16:50:00+00:00,2026-06-30T17:20:00+00:00,vente,736.1,736.135,-0.4759,0.7,-1.1759,-0.0118,durée
SPY,2026-06-30T18:20:00+00:00,2026-06-30T18:50:00+00:00,vente,746.94,747.3744,-5.8159,0.5,-6.3159,-0.0632,stop
QQQ,2026-06-30T18:45:00+00:00,2026-06-30T18:50:00+00:00,vente,736.51,736.9562,-6.0588,0.7,-6.7588,-0.0676,stop
SPY,2026-06-30T19:00:00+00:00,2026-06-30T19:10:00+00:00,vente,747.13,747.6416,-6.8474,0.5,-7.3474,-0.0735,stop
QQQ,2026-07-01T13:35:00+00:00,2026-07-01T14:05:00+00:00,achat,726.23,730.5999,60.1729,0.7,59.4729,0.5947,durée
SPY,2026-07-01T13:35:00+00:00,2026-07-01T14:05:00+00:00,achat,742.63,746.095,46.658,0.5,46.158,0.4616,durée
SPY,2026-07-01T15:25:00+00:00,2026-07-01T15:55:00+00:00,vente,748.87,748.79,1.0685,0.5,0.5685,0.0057,durée
QQQ,2026-07-01T15:30:00+00:00,2026-07-01T16:00:00+00:00,vente,731.61,729.1951,33.0074,0.7,32.3074,0.3231,durée
QQQ,2026-07-01T17:00:00+00:00,2026-07-01T17:30:00+00:00,achat,727.9,728.095,2.6782,0.7,1.9782,0.0198,durée
SPY,2026-07-01T17:00:00+00:00,2026-07-01T17:30:00+00:00,achat,747.51,747.82,4.1471,0.5,3.6471,0.0365,durée
SPY,2026-07-01T17:45:00+00:00,2026-07-01T18:15:00+00:00,achat,747.48,747.21,-3.6116,0.5,-4.1116,-0.0411,durée
QQQ,2026-07-01T17:50:00+00:00,2026-07-01T18:20:00+00:00,achat,727.66,727.525,-1.8546,0.7,-2.5546,-0.0255,durée
QQQ,2026-07-01T18:30:00+00:00,2026-07-01T18:50:00+00:00,achat,727.09,725.9087,-16.2477,0.7,-16.9477,-0.1695,stop
SPY,2026-07-01T18:50:00+00:00,2026-07-01T19:20:00+00:00,achat,746.935,747.49,7.4303,0.5,6.9303,0.0693,durée
QQQ,2026-07-01T19:35:00+00:00,2026-07-01T19:55:00+00:00,vente,728.48,725.13,45.9858,0.7,45.2858,0.4529,clôture
SPY,2026-07-01T19:45:00+00:00,2026-07-01T19:50:00+00:00,achat,746.65,746.0485,-8.0561,0.5,-8.5561,-0.0856,stop
SPY,2026-07-02T13:35:00+00:00,2026-07-02T13:40:00+00:00,vente,748.54,749.6124,-14.3263,0.5,-14.8263,-0.1483,stop
QQQ,2026-07-02T13:40:00+00:00,2026-07-02T14:10:00+00:00,achat,725.06,728.875,52.6164,0.7,51.9164,0.5192,durée
SPY,2026-07-02T13:50:00+00:00,2026-07-02T14:20:00+00:00,vente,750.419,749.65,10.2474,0.5,9.7474,0.0975,durée
QQQ,2026-07-02T14:30:00+00:00,2026-07-02T14:40:00+00:00,achat,722.18,718.8076,-46.6968,0.7,-47.3968,-0.474,stop
QQQ,2026-07-02T14:50:00+00:00,2026-07-02T15:20:00+00:00,achat,719.495,716.8807,-36.3355,0.7,-37.0355,-0.3704,durée
SPY,2026-07-02T15:10:00+00:00,2026-07-02T15:40:00+00:00,achat,745.38,745.2862,-1.2586,0.5,-1.7586,-0.0176,durée
QQQ,2026-07-02T16:25:00+00:00,2026-07-02T16:55:00+00:00,achat,712.92,710.785,-29.9474,0.7,-30.6474,-0.3065,durée
SPY,2026-07-02T16:25:00+00:00,2026-07-02T16:55:00+00:00,achat,743.44,742.18,-16.9484,0.5,-17.4484,-0.1745,durée
QQQ,2026-07-02T17:05:00+00:00,2026-07-02T17:35:00+00:00,achat,709.5,708.79,-10.0074,0.7,-10.7074,-0.1071,durée
SPY,2026-07-02T17:05:00+00:00,2026-07-02T17:35:00+00:00,achat,740.85,740.75,-1.3495,0.5,-1.8495,-0.0185,durée
QQQ,2026-07-02T17:50:00+00:00,2026-07-02T18:20:00+00:00,achat,708.36,710.6,31.6222,0.7,30.9222,0.3092,durée
SPY,2026-07-02T18:00:00+00:00,2026-07-02T18:30:00+00:00,achat,740.26,742.93,36.0682,0.5,35.5682,0.3557,durée
QQQ,2026-07-06T13:35:00+00:00,2026-07-06T14:05:00+00:00,vente,722.02,723.7,-23.268,0.7,-23.968,-0.2397,durée
SPY,2026-07-06T13:35:00+00:00,2026-07-06T14:05:00+00:00,vente,749.16,748.81,4.6716,0.5,4.1716,0.0417,durée
QQQ,2026-07-06T14:15:00+00:00,2026-07-06T14:45:00+00:00,vente,724.32,724.81,-6.7648,0.7,-7.4648,-0.0746,durée
QQQ,2026-07-06T15:30:00+00:00,2026-07-06T16:00:00+00:00,vente,725.25,725.18,0.9653,0.7,0.2653,0.0027,durée
SPY,2026-07-06T15:30:00+00:00,2026-07-06T16:00:00+00:00,vente,750.78,750.8,-0.2658,0.5,-0.7658,-0.0077,durée
QQQ,2026-07-06T16:10:00+00:00,2026-07-06T16:40:00+00:00,vente,725.7136,724.2595,20.0369,0.7,19.3369,0.1934,durée
QQQ,2026-07-06T17:00:00+00:00,2026-07-06T17:30:00+00:00,achat,723.59,722.1567,-19.809,0.7,-20.509,-0.2051,stop
SPY,2026-07-06T17:10:00+00:00,2026-07-06T17:40:00+00:00,vente,751.38,750.085,17.2347,0.5,16.7347,0.1673,durée
QQQ,2026-07-06T17:40:00+00:00,2026-07-06T18:10:00+00:00,achat,721.99,722.65,9.1419,0.7,8.4419,0.0844,durée
SPY,2026-07-06T17:55:00+00:00,2026-07-06T18:25:00+00:00,achat,750.08,751.33,16.6649,0.5,16.1649,0.1616,durée
SPY,2026-07-06T18:50:00+00:00,2026-07-06T19:20:00+00:00,vente,751.59,752.3,-9.4461,0.5,-9.9461,-0.0995,durée
SPY,2026-07-06T19:30:00+00:00,2026-07-06T19:55:00+00:00,vente,752.28,751.31,12.8946,0.5,12.3946,0.1239,clôture
QQQ,2026-07-07T13:35:00+00:00,2026-07-07T14:05:00+00:00,achat,712.62,710.48,-30.0302,0.7,-30.7302,-0.3073,durée
SPY,2026-07-07T13:35:00+00:00,2026-07-07T13:55:00+00:00,achat,749.46,748.2812,-15.7284,0.5,-16.2284,-0.1623,stop
SPY,2026-07-07T14:05:00+00:00,2026-07-07T14:25:00+00:00,achat,748.59,746.1923,-32.0303,0.5,-32.5303,-0.3253,stop
QQQ,2026-07-07T14:15:00+00:00,2026-07-07T14:45:00+00:00,achat,708.05,706.3187,-24.4511,0.7,-25.1511,-0.2515,durée
SPY,2026-07-07T14:35:00+00:00,2026-07-07T15:05:00+00:00,achat,746.37,746.565,2.6127,0.5,2.1127,0.0211,durée
QQQ,2026-07-07T16:05:00+00:00,2026-07-07T16:20:00+00:00,vente,710.02,712.4047,-33.5858,0.7,-34.2858,-0.3429,stop
SPY,2026-07-07T16:05:00+00:00,2026-07-07T16:25:00+00:00,vente,747.67,748.9441,-17.0416,0.5,-17.5416,-0.1754,stop
QQQ,2026-07-07T16:30:00+00:00,2026-07-07T17:00:00+00:00,vente,712.66,713.16,-7.016,0.7,-7.716,-0.0772,durée
SPY,2026-07-07T16:35:00+00:00,2026-07-07T17:05:00+00:00,vente,748.61,749.16,-7.3468,0.5,-7.8468,-0.0785,durée
QQQ,2026-07-07T18:30:00+00:00,2026-07-07T18:40:00+00:00,achat,712.36,711.6525,-9.9322,0.7,-10.6322,-0.1063,stop
SPY,2026-07-07T18:35:00+00:00,2026-07-07T18:45:00+00:00,achat,748.69,748.3824,-4.109,0.5,-4.609,-0.0461,stop
QQQ,2026-07-07T18:50:00+00:00,2026-07-07T18:55:00+00:00,achat,710.81,709.4737,-18.8001,0.7,-19.5001,-0.195,stop
SPY,2026-07-08T13:35:00+00:00,2026-07-08T14:05:00+00:00,achat,743.66,744.26,8.0687,0.5,7.5687,0.0757,durée
QQQ,2026-07-08T14:15:00+00:00,2026-07-08T14:45:00+00:00,achat,706.6,704.7143,-26.6867,0.7,-27.3867,-0.2739,stop
SPY,2026-07-08T14:15:00+00:00,2026-07-08T14:45:00+00:00,achat,743.2,741.29,-25.7001,0.5,-26.2001,-0.262,durée
QQQ,2026-07-08T15:00:00+00:00,2026-07-08T15:15:00+00:00,achat,705.26,702.9262,-33.0914,0.7,-33.7914,-0.3379,stop
QQQ,2026-07-08T15:25:00+00:00,2026-07-08T15:55:00+00:00,achat,701.57,702.405,11.9022,0.7,11.2022,0.112,durée
SPY,2026-07-08T15:25:00+00:00,2026-07-08T15:55:00+00:00,achat,740.14,740.64,6.7555,0.5,6.2555,0.0626,durée
SPY,2026-07-08T16:30:00+00:00,2026-07-08T17:00:00+00:00,vente,743.09,744.29,-16.1481,0.5,-16.6481,-0.1665,durée
QQQ,2026-07-08T16:40:00+00:00,2026-07-08T17:10:00+00:00,vente,707.13,708.1737,-14.7597,0.7,-15.4597,-0.1546,durée
SPY,2026-07-08T17:20:00+00:00,2026-07-08T17:50:00+00:00,vente,744.93,744.43,6.712,0.5,6.212,0.0621,durée
QQQ,2026-07-08T17:25:00+00:00,2026-07-08T17:55:00+00:00,vente,710.23,708.605,22.8799,0.7,22.1799,0.2218,durée
QQQ,2026-07-08T19:55:00+00:00,2026-07-08T19:55:00+00:00,vente,711.34,711.28,0.8434,0.7,0.1434,0.0014,clôture
SPY,2026-07-08T19:55:00+00:00,2026-07-08T19:55:00+00:00,vente,745.74,745.29,6.0344,0.5,5.5344,0.0553,clôture
QQQ,2026-07-09T13:35:00+00:00,2026-07-09T14:05:00+00:00,vente,719.08,720.83,-24.3367,0.7,-25.0367,-0.2504,durée
SPY,2026-07-09T13:35:00+00:00,2026-07-09T13:40:00+00:00,vente,747.36,748.3912,-13.798,0.5,-14.298,-0.143,stop
SPY,2026-07-09T13:50:00+00:00,2026-07-09T14:20:00+00:00,vente,748.1,746.95,15.3718,0.5,14.8718,0.1487,durée
SPY,2026-07-09T15:25:00+00:00,2026-07-09T15:55:00+00:00,vente,749.908,749.87,0.5071,0.5,0.0071,0.0001,durée
QQQ,2026-07-09T17:05:00+00:00,2026-07-09T17:10:00+00:00,vente,722.47,723.4129,-13.0511,0.7,-13.7511,-0.1375,stop
SPY,2026-07-09T17:10:00+00:00,2026-07-09T17:40:00+00:00,vente,751.12,751.7,-7.722,0.5,-8.222,-0.0822,durée
QQQ,2026-07-09T17:20:00+00:00,2026-07-09T17:50:00+00:00,vente,723.96,723.89,0.967,0.7,0.267,0.0027,durée
SPY,2026-07-09T17:50:00+00:00,2026-07-09T18:20:00+00:00,vente,751.85,751.345,6.7168,0.5,6.2168,0.0622,durée
QQQ,2026-07-09T19:05:00+00:00,2026-07-09T19:35:00+00:00,achat,722.38,723.05,9.2747,0.7,8.5747,0.0857,durée
SPY,2026-07-09T19:05:00+00:00,2026-07-09T19:35:00+00:00,achat,750.8201,751.27,5.992,0.5,5.492,0.0549,durée
QQQ,2026-07-09T19:55:00+00:00,2026-07-09T19:55:00+00:00,achat,721.98,723.18,16.6211,0.7,15.9211,0.1592,clôture
SPY,2026-07-10T13:35:00+00:00,2026-07-10T14:00:00+00:00,vente,752.6,753.3499,-9.9647,0.5,-10.4647,-0.1046,stop
QQQ,2026-07-10T13:40:00+00:00,2026-07-10T13:40:00+00:00,achat,721.42,720.3401,-14.9693,0.7,-15.6693,-0.1567,stop
SPY,2026-07-10T14:10:00+00:00,2026-07-10T14:40:00+00:00,vente,753.09,752.11,13.0136,0.5,12.5136,0.1251,durée
QQQ,2026-07-10T14:35:00+00:00,2026-07-10T15:00:00+00:00,achat,721.07,719.7806,-17.8815,0.7,-18.5815,-0.1858,stop
SPY,2026-07-10T15:05:00+00:00,2026-07-10T15:35:00+00:00,achat,751.0,752.43,19.0412,0.5,18.5412,0.1854,durée
QQQ,2026-07-10T15:30:00+00:00,2026-07-10T16:00:00+00:00,vente,724.09,724.15,-0.8286,0.7,-1.5286,-0.0153,durée
QQQ,2026-07-10T16:20:00+00:00,2026-07-10T16:50:00+00:00,vente,724.9864,725.245,-3.567,0.7,-4.267,-0.0427,durée
SPY,2026-07-10T16:20:00+00:00,2026-07-10T16:50:00+00:00,vente,753.58,753.98,-5.3075,0.5,-5.8075,-0.0581,durée
QQQ,2026-07-10T17:50:00+00:00,2026-07-10T18:20:00+00:00,vente,726.14,725.73,5.6468,0.7,4.9468,0.0495,durée
SPY,2026-07-10T17:50:00+00:00,2026-07-10T18:20:00+00:00,vente,754.3,754.315,-0.1991,0.5,-0.6991,-0.007,durée
SPY,2026-07-10T18:30:00+00:00,2026-07-10T19:00:00+00:00,vente,754.42,754.987,-7.5164,0.5,-8.0164,-0.0802,stop
QQQ,2026-07-10T19:05:00+00:00,2026-07-10T19:35:00+00:00,vente,726.25,725.95,4.1306,0.7,3.4306,0.0343,durée
QQQ,2026-07-13T13:35:00+00:00,2026-07-13T14:05:00+00:00,achat,716.26,715.57,-9.6334,0.7,-10.3334,-0.1033,durée
SPY,2026-07-13T13:35:00+00:00,2026-07-13T13:40:00+00:00,achat,753.43,752.6297,-10.622,0.5,-11.122,-0.1112,stop
SPY,2026-07-13T13:50:00+00:00,2026-07-13T14:15:00+00:00,achat,752.9,751.5536,-17.8833,0.5,-18.3833,-0.1838,stop
SPY,2026-07-13T14:45:00+00:00,2026-07-13T15:15:00+00:00,achat,751.51,752.25,9.8467,0.5,9.3467,0.0935,durée
SPY,2026-07-13T15:55:00+00:00,2026-07-13T16:25:00+00:00,achat,751.56,750.4978,-14.1327,0.5,-14.6327,-0.1463,stop
QQQ,2026-07-13T16:05:00+00:00,2026-07-13T16:30:00+00:00,achat,714.92,713.0355,-26.3595,0.7,-27.0595,-0.2706,stop
SPY,2026-07-13T16:35:00+00:00,2026-07-13T17:05:00+00:00,achat,749.63,750.42,10.5382,0.5,10.0382,0.1004,durée
QQQ,2026-07-13T16:40:00+00:00,2026-07-13T17:10:00+00:00,achat,713.05,713.6,7.7132,0.7,7.0132,0.0701,durée
QQQ,2026-07-13T18:00:00+00:00,2026-07-13T18:30:00+00:00,achat,712.11,712.0,-1.5445,0.7,-2.2445,-0.0224,durée
SPY,2026-07-13T18:00:00+00:00,2026-07-13T18:30:00+00:00,achat,749.26,749.22,-0.5344,0.5,-1.0344,-0.0103,durée
QQQ,2026-07-13T19:15:00+00:00,2026-07-13T19:20:00+00:00,achat,711.74,710.863,-12.3222,0.7,-13.0222,-0.1302,stop
QQQ,2026-07-13T19:30:00+00:00,2026-07-13T19:55:00+00:00,achat,710.66,711.72,14.9157,0.7,14.2157,0.1422,clôture
QQQ,2026-07-14T13:35:00+00:00,2026-07-14T13:45:00+00:00,vente,717.33,719.8959,-35.7705,0.7,-36.4705,-0.3647,stop
SPY,2026-07-14T13:40:00+00:00,2026-07-14T14:10:00+00:00,vente,751.18,750.43,9.9843,0.5,9.4843,0.0948,durée
QQQ,2026-07-14T13:55:00+00:00,2026-07-14T14:25:00+00:00,vente,718.89,717.18,23.787,0.7,23.087,0.2309,durée
SPY,2026-07-14T14:35:00+00:00,2026-07-14T15:05:00+00:00,vente,752.04,752.77,-9.7075,0.5,-10.2075,-0.1021,durée
SPY,2026-07-14T15:15:00+00:00,2026-07-14T15:45:00+00:00,vente,752.59,751.63,12.7562,0.5,12.2562,0.1226,durée
QQQ,2026-07-14T15:25:00+00:00,2026-07-14T15:55:00+00:00,vente,721.75,719.63,29.373,0.7,28.673,0.2867,durée
SPY,2026-07-14T17:25:00+00:00,2026-07-14T17:55:00+00:00,vente,752.44,752.275,2.1926,0.5,1.6926,0.0169,durée
QQQ,2026-07-14T18:50:00+00:00,2026-07-14T19:05:00+00:00,achat,720.41,719.5667,-11.7055,0.7,-12.4055,-0.1241,stop
QQQ,2026-07-14T19:30:00+00:00,2026-07-14T19:55:00+00:00,achat,719.98,719.68,-4.1666,0.7,-4.8666,-0.0487,clôture
QQQ,2026-07-15T13:35:00+00:00,2026-07-15T14:05:00+00:00,vente,723.79,721.545,31.0172,0.7,30.3172,0.3032,durée
SPY,2026-07-15T13:35:00+00:00,2026-07-15T14:05:00+00:00,vente,755.2,755.05,1.9866,0.5,1.4866,0.0149,durée
SPY,2026-07-15T14:20:00+00:00,2026-07-15T14:50:00+00:00,vente,755.33,753.05,30.1859,0.5,29.6859,0.2969,durée
QQQ,2026-07-15T14:25:00+00:00,2026-07-15T14:40:00+00:00,achat,717.05,714.7915,-31.4963,0.7,-32.1963,-0.322,stop
QQQ,2026-07-15T14:50:00+00:00,2026-07-15T15:20:00+00:00,achat,716.21,714.72,-20.8047,0.7,-21.5047,-0.215,durée
SPY,2026-07-15T16:05:00+00:00,2026-07-15T16:20:00+00:00,achat,752.09,750.524,-20.8221,0.5,-21.3221,-0.2132,stop
QQQ,2026-07-15T16:10:00+00:00,2026-07-15T16:40:00+00:00,achat,713.14,711.44,-23.8384,0.7,-24.5384,-0.2454,durée
SPY,2026-07-15T16:30:00+00:00,2026-07-15T17:00:00+00:00,achat,750.81,751.92,14.7838,0.5,14.2838,0.1428,durée
QQQ,2026-07-15T17:40:00+00:00,2026-07-15T18:10:00+00:00,vente,715.8801,717.9799,-29.3316,0.7,-30.0316,-0.3003,durée
SPY,2026-07-15T17:40:00+00:00,2026-07-15T18:10:00+00:00,vente,753.4,754.55,-15.2636,0.5,-15.7636,-0.1576,durée
QQQ,2026-07-16T13:35:00+00:00,2026-07-16T13:40:00+00:00,achat,711.44,708.5238,-40.9907,0.7,-41.6907,-0.4169,stop
SPY,2026-07-16T13:35:00+00:00,2026-07-16T13:45:00+00:00,achat,752.2,750.9654,-16.4135,0.5,-16.9135,-0.1691,stop
QQQ,2026-07-16T13:50:00+00:00,2026-07-16T14:20:00+00:00,achat,707.34,711.47,58.387,0.7,57.687,0.5769,durée
SPY,2026-07-16T13:55:00+00:00,2026-07-16T14:25:00+00:00,achat,751.48,754.35,38.1912,0.5,37.6912,0.3769,durée
QQQ,2026-07-16T16:05:00+00:00,2026-07-16T16:35:00+00:00,achat,708.96,707.79,-16.5037,0.7,-17.2037,-0.172,durée
SPY,2026-07-16T16:05:00+00:00,2026-07-16T16:10:00+00:00,achat,752.745,751.9791,-10.1746,0.5,-10.6746,-0.1067,stop
SPY,2026-07-16T16:20:00+00:00,2026-07-16T16:50:00+00:00,achat,752.22,752.61,5.1848,0.5,4.6848,0.0468,durée
QQQ,2026-07-16T17:45:00+00:00,2026-07-16T18:15:00+00:00,achat,706.6,707.19,8.3502,0.7,7.6502,0.0765,durée
SPY,2026-07-16T17:45:00+00:00,2026-07-16T18:15:00+00:00,achat,751.43,751.2,-3.0606,0.5,-3.5606,-0.0356,durée
SPY,2026-07-16T18:35:00+00:00,2026-07-16T19:05:00+00:00,achat,750.68,749.77,-12.122,0.5,-12.622,-0.1262,durée
QQQ,2026-07-16T18:40:00+00:00,2026-07-16T19:10:00+00:00,achat,706.17,705.1,-15.1523,0.7,-15.8523,-0.1585,durée
QQQ,2026-07-16T19:20:00+00:00,2026-07-16T19:45:00+00:00,achat,704.62,702.8359,-25.3194,0.7,-26.0194,-0.2602,stop
QQQ,2026-07-17T13:35:00+00:00,2026-07-17T14:05:00+00:00,achat,690.31,696.57,90.684,0.7,89.984,0.8998,durée
SPY,2026-07-17T13:35:00+00:00,2026-07-17T14:05:00+00:00,achat,741.04,746.32,71.2516,0.5,70.7516,0.7075,durée
QQQ,2026-07-17T15:55:00+00:00,2026-07-17T16:25:00+00:00,vente,698.29,699.0,-10.168,0.7,-10.868,-0.1087,durée
SPY,2026-07-17T16:00:00+00:00,2026-07-17T16:30:00+00:00,vente,746.88,745.56,17.6736,0.5,17.1736,0.1717,durée
QQQ,2026-07-17T16:45:00+00:00,2026-07-17T17:15:00+00:00,vente,700.39,701.19,-11.422,0.7,-12.122,-0.1212,durée
SPY,2026-07-17T16:50:00+00:00,2026-07-17T17:20:00+00:00,vente,746.86,746.29,7.6321,0.5,7.1321,0.0713,durée
SPY,2026-07-17T17:55:00+00:00,2026-07-17T18:15:00+00:00,achat,744.8905,743.7841,-14.8537,0.5,-15.3537,-0.1535,stop
QQQ,2026-07-17T18:10:00+00:00,2026-07-17T18:40:00+00:00,achat,698.0035,696.4,-22.972,0.7,-23.672,-0.2367,durée
SPY,2026-07-17T18:25:00+00:00,2026-07-17T18:55:00+00:00,achat,743.73,744.37,8.6055,0.5,8.1055,0.0811,durée
QQQ,2026-07-17T19:15:00+00:00,2026-07-17T19:45:00+00:00,achat,695.2,696.82,23.3026,0.7,22.6026,0.226,durée
SPY,2026-07-17T19:15:00+00:00,2026-07-17T19:45:00+00:00,achat,742.74,744.04,17.5026,0.5,17.0026,0.17,durée
QQQ,2026-07-20T13:35:00+00:00,2026-07-20T14:05:00+00:00,vente,704.44,701.38,43.4387,0.7,42.7387,0.4274,durée
SPY,2026-07-20T13:35:00+00:00,2026-07-20T14:05:00+00:00,vente,748.03,745.4,35.1591,0.5,34.6591,0.3466,durée
QQQ,2026-07-20T15:55:00+00:00,2026-07-20T16:25:00+00:00,vente,702.25,703.1874,-13.3482,0.7,-14.0482,-0.1405,durée
SPY,2026-07-20T15:55:00+00:00,2026-07-20T16:25:00+00:00,vente,746.23,746.5,-3.6184,0.5,-4.1184,-0.0412,durée
SPY,2026-07-20T17:05:00+00:00,2026-07-20T17:35:00+00:00,achat,744.54,744.01,-7.1181,0.5,-7.6181,-0.0762,durée
QQQ,2026-07-20T17:15:00+00:00,2026-07-20T17:45:00+00:00,achat,699.37,699.89,7.4355,0.7,6.7355,0.0674,durée
SPY,2026-07-20T17:45:00+00:00,2026-07-20T18:15:00+00:00,achat,743.77,745.24,19.7638,0.5,19.2638,0.1926,durée
QQQ,2026-07-20T18:35:00+00:00,2026-07-20T19:05:00+00:00,achat,698.91,697.1318,-25.4425,0.7,-26.1425,-0.2614,stop
SPY,2026-07-20T18:40:00+00:00,2026-07-20T19:05:00+00:00,achat,743.575,742.3921,-15.9082,0.5,-16.4082,-0.1641,stop
QQQ,2026-07-20T19:15:00+00:00,2026-07-20T19:45:00+00:00,achat,696.5748,697.92,19.311,0.7,18.611,0.1861,durée
SPY,2026-07-20T19:15:00+00:00,2026-07-20T19:45:00+00:00,achat,741.71,743.08,18.4708,0.5,17.9708,0.1797,durée
QQQ,2026-07-20T19:55:00+00:00,2026-07-20T19:55:00+00:00,achat,696.42,695.99,-6.1743,0.7,-6.8743,-0.0687,clôture
QQQ,2026-07-21T13:35:00+00:00,2026-07-21T14:05:00+00:00,vente,704.72,703.24,21.001,0.7,20.301,0.203,durée
SPY,2026-07-21T13:35:00+00:00,2026-07-21T14:05:00+00:00,vente,745.61,745.195,5.5656,0.5,5.0656,0.0507,durée
SPY,2026-07-21T14:15:00+00:00,2026-07-21T14:45:00+00:00,vente,745.72,746.91,-15.9578,0.5,-16.4578,-0.1646,durée
QQQ,2026-07-21T15:30:00+00:00,2026-07-21T16:00:00+00:00,vente,708.66,708.5901,0.9862,0.7,0.2862,0.0029,durée
SPY,2026-07-21T15:30:00+00:00,2026-07-21T16:00:00+00:00,vente,747.98,748.22,-3.2085,0.5,-3.7085,-0.0371,durée
SPY,2026-07-21T16:20:00+00:00,2026-07-21T16:50:00+00:00,vente,748.48,748.9599,-6.4119,0.5,-6.9119,-0.0691,durée
QQQ,2026-07-21T16:25:00+00:00,2026-07-21T16:55:00+00:00,vente,709.12,709.3,-2.5383,0.7,-3.2383,-0.0324,durée
QQQ,2026-07-21T17:05:00+00:00,2026-07-21T17:35:00+00:00,vente,709.69,709.65,0.5633,0.7,-0.1367,-0.0014,durée
SPY,2026-07-21T18:15:00+00:00,2026-07-21T18:45:00+00:00,achat,748.17,748.45,3.7429,0.5,3.2429,0.0324,durée
QQQ,2026-07-21T18:35:00+00:00,2026-07-21T19:05:00+00:00,achat,708.96,708.7797,-2.5431,0.7,-3.2431,-0.0324,durée
QQQ,2026-07-21T19:15:00+00:00,2026-07-21T19:45:00+00:00,achat,708.74,709.5315,11.1678,0.7,10.4678,0.1047,durée
SPY,2026-07-21T19:50:00+00:00,2026-07-21T19:55:00+00:00,vente,748.59,748.33,3.4733,0.5,2.9733,0.0297,clôture
QQQ,2026-07-22T13:35:00+00:00,2026-07-22T14:05:00+00:00,achat,705.1,706.81,24.2522,0.7,23.5522,0.2355,durée
SPY,2026-07-22T13:35:00+00:00,2026-07-22T14:05:00+00:00,achat,747.31,748.5401,16.4604,0.5,15.9604,0.1596,durée
SPY,2026-07-22T14:30:00+00:00,2026-07-22T15:00:00+00:00,achat,747.29,748.305,13.5826,0.5,13.0826,0.1308,durée
SPY,2026-07-22T15:15:00+00:00,2026-07-22T15:45:00+00:00,vente,748.88,749.38,-6.6766,0.5,-7.1766,-0.0718,durée
QQQ,2026-07-22T15:25:00+00:00,2026-07-22T15:55:00+00:00,vente,709.14,709.36,-3.1019,0.7,-3.8019,-0.038,durée
SPY,2026-07-22T16:00:00+00:00,2026-07-22T16:30:00+00:00,vente,749.76,749.93,-2.2672,0.5,-2.7672,-0.0277,durée
QQQ,2026-07-22T17:35:00+00:00,2026-07-22T17:50:00+00:00,achat,708.235,707.5215,-10.0739,0.7,-10.7739,-0.1077,stop
SPY,2026-07-22T17:35:00+00:00,2026-07-22T18:00:00+00:00,achat,748.88,748.2156,-8.8724,0.5,-9.3724,-0.0937,stop
QQQ,2026-07-22T18:00:00+00:00,2026-07-22T18:30:00+00:00,achat,707.27,706.57,-9.8974,0.7,-10.5974,-0.106,durée
SPY,2026-07-22T18:10:00+00:00,2026-07-22T18:40:00+00:00,achat,748.3,748.2901,-0.1321,0.5,-0.6321,-0.0063,durée
QQQ,2026-07-22T19:40:00+00:00,2026-07-22T19:55:00+00:00,achat,706.25,705.3099,-13.3105,0.7,-14.0105,-0.1401,stop
QQQ,2026-07-23T13:35:00+00:00,2026-07-23T14:05:00+00:00,achat,695.71,694.66,-15.0932,0.7,-15.7932,-0.1579,durée
SPY,2026-07-23T13:35:00+00:00,2026-07-23T14:05:00+00:00,achat,741.3,739.36,-26.1703,0.5,-26.6703,-0.2667,durée
QQQ,2026-07-23T14:15:00+00:00,2026-07-23T14:45:00+00:00,achat,694.3,692.53,-25.4927,0.7,-26.1927,-0.2619,durée
SPY,2026-07-23T14:15:00+00:00,2026-07-23T14:45:00+00:00,achat,739.66,738.83,-11.2208,0.5,-11.7208,-0.1172,durée
QQQ,2026-07-23T15:30:00+00:00,2026-07-23T16:00:00+00:00,achat,688.63,692.24,52.4227,0.7,51.7227,0.5172,durée
SPY,2026-07-23T15:30:00+00:00,2026-07-23T16:00:00+00:00,achat,735.91,738.035,28.8758,0.5,28.3758,0.2838,durée
QQQ,2026-07-23T16:30:00+00:00,2026-07-23T17:00:00+00:00,vente,694.39,692.17,31.971,0.7,31.271,0.3127,durée
SPY,2026-07-23T16:40:00+00:00,2026-07-23T17:10:00+00:00,vente,739.7,738.61,14.7361,0.5,14.2361,0.1424,durée
QQQ,2026-07-23T18:00:00+00:00,2026-07-23T18:30:00+00:00,achat,691.01,691.66,9.406,0.7,8.706,0.0871,durée
SPY,2026-07-23T18:00:00+00:00,2026-07-23T18:30:00+00:00,achat,737.16,737.6,5.9689,0.5,5.4689,0.0547,durée
QQQ,2026-07-23T18:55:00+00:00,2026-07-23T19:25:00+00:00,achat,690.1101,691.28,16.9527,0.7,16.2527,0.1625,durée
SPY,2026-07-23T19:45:00+00:00,2026-07-23T19:55:00+00:00,achat,736.26,738.17,25.9416,0.5,25.4416,0.2544,clôture
QQQ,2026-07-24T13:35:00+00:00,2026-07-24T14:05:00+00:00,vente,692.0,687.76,61.2715,0.7,60.5715,0.6057,durée
SPY,2026-07-24T13:35:00+00:00,2026-07-24T14:05:00+00:00,vente,739.29,739.3,-0.1354,0.5,-0.6354,-0.0064,durée
SPY,2026-07-24T14:15:00+00:00,2026-07-24T14:45:00+00:00,vente,739.54,738.53,13.6564,0.5,13.1564,0.1316,durée
QQQ,2026-07-24T14:20:00+00:00,2026-07-24T14:50:00+00:00,achat,684.96,685.83,12.7014,0.7,12.0014,0.12,durée
SPY,2026-07-24T15:00:00+00:00,2026-07-24T15:15:00+00:00,vente,740.59,742.8958,-31.1348,0.5,-31.6348,-0.3163,stop
SPY,2026-07-24T15:25:00+00:00,2026-07-24T15:55:00+00:00,vente,742.395,743.015,-8.3513,0.5,-8.8513,-0.0885,durée
QQQ,2026-07-24T15:40:00+00:00,2026-07-24T16:10:00+00:00,vente,690.95,691.35,-5.7886,0.7,-6.4886,-0.0649,durée
QQQ,2026-07-24T17:10:00+00:00,2026-07-24T17:40:00+00:00,achat,687.9,688.605,10.2479,0.7,9.5479,0.0955,durée
SPY,2026-07-24T17:10:00+00:00,2026-07-24T17:40:00+00:00,achat,740.4,741.08,9.1841,0.5,8.6841,0.0868,durée
QQQ,2026-07-24T18:15:00+00:00,2026-07-24T18:25:00+00:00,achat,687.65,685.6769,-28.6932,0.7,-29.3932,-0.2939,stop
SPY,2026-07-24T18:20:00+00:00,2026-07-24T18:30:00+00:00,achat,740.19,738.672,-20.5081,0.5,-21.0081,-0.2101,stop
QQQ,2026-07-24T18:35:00+00:00,2026-07-24T19:05:00+00:00,achat,684.565,682.89,-24.4679,0.7,-25.1679,-0.2517,durée
QQQ,2026-07-27T13:35:00+00:00,2026-07-27T14:05:00+00:00,vente,690.44,685.17,76.3284,0.7,75.6284,0.7563,durée
SPY,2026-07-27T13:35:00+00:00,2026-07-27T14:05:00+00:00,vente,744.66,741.75,39.0779,0.5,38.5779,0.3858,durée
QQQ,2026-07-27T14:30:00+00:00,2026-07-27T15:00:00+00:00,achat,679.46,681.37,28.1102,0.7,27.4102,0.2741,durée
QQQ,2026-07-27T17:05:00+00:00,2026-07-27T17:35:00+00:00,achat,677.55,678.15,8.856,0.7,8.156,0.0816,durée
SPY,2026-07-27T17:05:00+00:00,2026-07-27T17:35:00+00:00,achat,736.18,736.71,7.1997,0.5,6.6997,0.067,durée
QQQ,2026-07-27T18:55:00+00:00,2026-07-27T19:10:00+00:00,vente,681.08,682.9099,-26.8669,0.7,-27.5669,-0.2757,stop
SPY,2026-07-27T18:55:00+00:00,2026-07-27T19:20:00+00:00,vente,738.56,739.7601,-16.2498,0.5,-16.7498,-0.1675,stop
QQQ,2026-07-27T19:20:00+00:00,2026-07-27T19:50:00+00:00,vente,682.72,681.7,14.9396,0.7,14.2396,0.1424,durée
SPY,2026-07-27T19:30:00+00:00,2026-07-27T19:55:00+00:00,vente,739.65,739.02,8.5176,0.5,8.0176,0.0802,clôture
QQQ,2026-07-28T13:35:00+00:00,2026-07-28T13:45:00+00:00,achat,674.48,670.4078,-60.3744,0.7,-61.0744,-0.6107,stop
QQQ,2026-07-28T13:55:00+00:00,2026-07-28T14:25:00+00:00,achat,670.14,670.37,3.4318,0.7,2.7318,0.0273,durée
SPY,2026-07-28T14:00:00+00:00,2026-07-28T14:30:00+00:00,achat,736.49,737.245,10.2514,0.5,9.7514,0.0975,durée
SPY,2026-07-28T15:15:00+00:00,2026-07-28T15:20:00+00:00,vente,739.38,741.2164,-24.8372,0.5,-25.3372,-0.2534,stop
QQQ,2026-07-28T15:25:00+00:00,2026-07-28T15:55:00+00:00,vente,676.79,678.59,-26.5969,0.7,-27.2969,-0.273,durée
SPY,2026-07-28T15:30:00+00:00,2026-07-28T16:00:00+00:00,vente,741.17,742.02,-11.4688,0.5,-11.9688,-0.1197,durée
QQQ,2026-07-28T17:45:00+00:00,2026-07-28T18:15:00+00:00,achat,676.34,675.75,-8.7238,0.7,-9.4238,-0.0942,durée
SPY,2026-07-28T17:45:00+00:00,2026-07-28T18:15:00+00:00,achat,740.795,740.76,-0.4721,0.5,-0.9721,-0.0097,durée
QQQ,2026-07-28T18:25:00+00:00,2026-07-28T18:55:00+00:00,achat,675.65,676.8005,17.0273,0.7,16.3273,0.1633,durée
QQQ,2026-07-28T19:05:00+00:00,2026-07-28T19:35:00+00:00,vente,677.85,676.25,23.6037,0.7,22.9037,0.229,durée
SPY,2026-07-28T19:05:00+00:00,2026-07-28T19:35:00+00:00,vente,741.88,741.01,11.7269,0.5,11.2269,0.1123,durée
SPY,2026-07-29T13:35:00+00:00,2026-07-29T13:45:00+00:00,achat,740.02,739.0728,-12.7997,0.5,-13.2997,-0.133,stop
QQQ,2026-07-29T13:40:00+00:00,2026-07-29T13:45:00+00:00,achat,674.98,673.3325,-24.4078,0.7,-25.1078,-0.2511,stop
QQQ,2026-07-29T13:55:00+00:00,2026-07-29T14:10:00+00:00,achat,671.59,668.9107,-39.8954,0.7,-40.5954,-0.406,stop
SPY,2026-07-29T13:55:00+00:00,2026-07-29T14:10:00+00:00,achat,737.78,735.8951,-25.5489,0.5,-26.0489,-0.2605,stop
QQQ,2026-07-29T14:20:00+00:00,2026-07-29T14:50:00+00:00,achat,669.485,667.94,-23.0772,0.7,-23.7772,-0.2378,durée
SPY,2026-07-29T14:20:00+00:00,2026-07-29T14:50:00+00:00,achat,735.89,735.03,-11.6863,0.5,-12.1863,-0.1219,durée
QQQ,2026-07-29T15:55:00+00:00,2026-07-29T16:25:00+00:00,achat,665.41,666.78,20.5897,0.7,19.8897,0.1989,durée
SPY,2026-07-29T15:55:00+00:00,2026-07-29T16:25:00+00:00,achat,733.51,733.85,4.6348,0.5,4.1348,0.0413,durée
QQQ,2026-07-29T17:05:00+00:00,2026-07-29T17:35:00+00:00,vente,669.2975,669.298,-0.0073,0.7,-0.7073,-0.0071,durée
SPY,2026-07-29T17:05:00+00:00,2026-07-29T17:35:00+00:00,vente,735.895,735.64,3.4652,0.5,2.9652,0.0297,durée
QQQ,2026-07-29T18:05:00+00:00,2026-07-29T18:35:00+00:00,vente,672.84,674.46,-24.077,0.7,-24.777,-0.2478,durée
SPY,2026-07-29T18:05:00+00:00,2026-07-29T18:35:00+00:00,vente,738.11,738.94,-11.2452,0.5,-11.7452,-0.1175,durée
SPY,2026-07-30T15:30:00+00:00,2026-07-30T16:00:00+00:00,achat,734.84,738.28,46.8129,0.5,46.3129,0.4631,durée
SPY,2026-07-30T16:15:00+00:00,2026-07-30T16:45:00+00:00,vente,738.87,738.56,4.1956,0.5,3.6956,0.037,durée
SPY,2026-07-30T17:05:00+00:00,2026-07-30T17:35:00+00:00,vente,739.96,739.3,8.9199,0.5,8.4199,0.0842,durée
QQQ,2026-07-30T17:20:00+00:00,2026-07-30T17:50:00+00:00,vente,682.81,682.16,9.5198,0.7,8.8198,0.0882,durée
SPY,2026-07-30T18:50:00+00:00,2026-07-30T19:00:00+00:00,vente,740.5,741.293,-10.7085,0.5,-11.2085,-0.1121,stop
QQQ,2026-07-30T19:05:00+00:00,2026-07-30T19:05:00+00:00,vente,682.74,683.4206,-9.9689,0.7,-10.6689,-0.1067,stop
SPY,2026-07-30T19:10:00+00:00,2026-07-30T19:40:00+00:00,vente,741.78,741.79,-0.1341,0.5,-0.6341,-0.0063,durée
QQQ,2026-07-30T19:15:00+00:00,2026-07-30T19:45:00+00:00,vente,684.56,683.7,12.5626,0.7,11.8626,0.1186,durée
QQQ,2026-07-31T13:35:00+00:00,2026-07-31T14:05:00+00:00,vente,694.69,681.77,185.982,0.7,185.282,1.8528,durée
SPY,2026-07-31T13:35:00+00:00,2026-07-31T14:05:00+00:00,vente,745.98,739.14,91.691,0.5,91.191,0.9119,durée
SPY,2026-07-31T14:15:00+00:00,2026-07-31T14:45:00+00:00,achat,738.47,742.4229,53.5288,0.5,53.0288,0.5303,durée
SPY,2026-07-31T16:15:00+00:00,2026-07-31T16:45:00+00:00,vente,743.52,744.53,-13.5842,0.5,-14.0842,-0.1408,durée
QQQ,2026-07-31T16:30:00+00:00,2026-07-31T17:00:00+00:00,vente,686.95,687.731,-11.3692,0.7,-12.0692,-0.1207,durée
QQQ,2026-07-31T17:20:00+00:00,2026-07-31T17:50:00+00:00,vente,688.27,688.92,-9.4434,0.7,-10.1434,-0.1014,durée
SPY,2026-07-31T17:25:00+00:00,2026-07-31T17:55:00+00:00,vente,746.04,745.44,8.0421,0.5,7.5421,0.0754,durée
QQQ,2026-07-31T19:20:00+00:00,2026-07-31T19:50:00+00:00,vente,689.945,690.8499,-13.116,0.7,-13.816,-0.1382,stop
SPY,2026-07-31T19:20:00+00:00,2026-07-31T19:45:00+00:00,vente,747.52,748.3642,-11.2931,0.5,-11.7931,-0.1179,stop
SPY,2026-07-31T19:55:00+00:00,2026-07-31T19:55:00+00:00,vente,748.58,746.81,23.645,0.5,23.145,0.2315,clôture
QQQ,2026-08-03T13:35:00+00:00,2026-08-03T14:05:00+00:00,achat,687.41,692.015,66.9912,0.7,66.2912,0.6629,durée
SPY,2026-08-03T13:35:00+00:00,2026-08-03T13:55:00+00:00,vente,750.76,753.1208,-31.4453,0.5,-31.9453,-0.3195,stop
SPY,2026-08-03T14:05:00+00:00,2026-08-03T14:35:00+00:00,vente,753.41,754.795,-18.3832,0.5,-18.8832,-0.1888,durée
QQQ,2026-08-03T14:15:00+00:00,2026-08-03T14:25:00+00:00,vente,692.01,694.7405,-39.4569,0.7,-40.1569,-0.4016,stop
QQQ,2026-08-03T14:35:00+00:00,2026-08-03T15:05:00+00:00,vente,694.785,696.7,-27.563,0.7,-28.263,-0.2826,durée
SPY,2026-08-03T15:50:00+00:00,2026-08-03T16:20:00+00:00,vente,756.03,756.26,-3.0419,0.5,-3.5419,-0.0354,durée
QQQ,2026-08-03T16:20:00+00:00,2026-08-03T16:50:00+00:00,vente,698.67,698.135,7.657,0.7,6.957,0.0696,durée
SPY,2026-08-03T16:30:00+00:00,2026-08-03T17:00:00+00:00,vente,756.57,756.21,4.7581,0.5,4.2581,0.0426,durée
QQQ,2026-08-03T17:15:00+00:00,2026-08-03T17:45:00+00:00,vente,698.94,699.83,-12.7338,0.7,-13.4338,-0.1343,durée
SPY,2026-08-03T17:20:00+00:00,2026-08-03T17:50:00+00:00,vente,756.77,757.5551,-10.3737,0.5,-10.8737,-0.1087,stop
QQQ,2026-08-03T17:55:00+00:00,2026-08-03T18:10:00+00:00,vente,700.01,701.5144,-21.4905,0.7,-22.1905,-0.2219,stop
SPY,2026-08-03T18:00:00+00:00,2026-08-03T18:30:00+00:00,vente,757.645,757.51,1.782,0.5,1.282,0.0128,durée
QQQ,2026-08-04T13:35:00+00:00,2026-08-04T14:05:00+00:00,vente,711.77,715.04,-45.9412,0.7,-46.6412,-0.4664,durée
SPY,2026-08-04T13:35:00+00:00,2026-08-04T13:50:00+00:00,vente,761.83,763.4353,-21.0718,0.5,-21.5718,-0.2157,stop
SPY,2026-08-04T14:00:00+00:00,2026-08-04T14:30:00+00:00,vente,763.37,764.935,-20.5012,0.5,-21.0012,-0.21,durée
QQQ,2026-08-04T14:15:00+00:00,2026-08-04T14:45:00+00:00,vente,715.6,715.75,-2.0965,0.7,-2.7965,-0.028,durée
QQQ,2026-08-04T15:30:00+00:00,2026-08-04T16:00:00+00:00,vente,717.98,719.205,-17.0623,0.7,-17.7623,-0.1776,durée
SPY,2026-08-04T15:45:00+00:00,2026-08-04T16:15:00+00:00,vente,768.28,768.75,-6.1172,0.5,-6.6172,-0.0662,durée
QQQ,2026-08-04T16:25:00+00:00,2026-08-04T16:55:00+00:00,vente,719.88,720.56,-9.4459,0.7,-10.1459,-0.1015,durée
SPY,2026-08-04T16:25:00+00:00,2026-08-04T16:55:00+00:00,vente,769.215,770.265,-13.6501,0.5,-14.1501,-0.1415,durée
QQQ,2026-08-04T17:05:00+00:00,2026-08-04T17:35:00+00:00,vente,721.4696,723.02,-21.4897,0.7,-22.1897,-0.2219,durée
SPY,2026-08-04T17:05:00+00:00,2026-08-04T17:35:00+00:00,vente,771.01,771.86,-11.0242,0.5,-11.5242,-0.1152,durée
QQQ,2026-08-04T17:45:00+00:00,2026-08-04T18:15:00+00:00,vente,723.49,723.56,-0.9676,0.7,-1.6676,-0.0167,durée
SPY,2026-08-04T17:45:00+00:00,2026-08-04T18:15:00+00:00,vente,772.325,772.11,2.7841,0.5,2.2841,0.0228,durée
QQQ,2026-08-05T13:35:00+00:00,2026-08-05T14:05:00+00:00,vente,727.06,726.85,2.8886,0.7,2.1886,0.0219,durée
SPY,2026-08-05T13:35:00+00:00,2026-08-05T14:05:00+00:00,vente,776.19,776.06,1.6749,0.5,1.1749,0.0117,durée
QQQ,2026-08-05T14:40:00+00:00,2026-08-05T15:10:00+00:00,achat,722.86,722.84,-0.2761,0.7,-0.9761,-0.0098,durée
SPY,2026-08-05T15:25:00+00:00,2026-08-05T15:55:00+00:00,achat,772.1501,770.645,-19.4919,0.5,-19.9919,-0.1999,durée
QQQ,2026-08-05T16:00:00+00:00,2026-08-05T16:30:00+00:00,achat,720.38,721.84,20.2674,0.7,19.5674,0.1957,durée
SPY,2026-08-05T16:10:00+00:00,2026-08-05T16:40:00+00:00,achat,770.24,771.59,17.5275,0.5,17.0275,0.1703,durée
QQQ,2026-08-05T18:35:00+00:00,2026-08-05T19:05:00+00:00,achat,720.37,721.11,10.2724,0.7,9.5724,0.0957,durée
QQQ,2026-08-05T19:35:00+00:00,2026-08-05T19:45:00+00:00,achat,720.24,719.5516,-9.5583,0.7,-10.2583,-0.1026,stop
SPY,2026-08-05T19:40:00+00:00,2026-08-05T19:55:00+00:00,achat,771.3,770.8913,-5.2981,0.5,-5.7981,-0.058,stop
QQQ,2026-08-05T19:55:00+00:00,2026-08-05T19:55:00+00:00,achat,719.78,718.742,-14.4221,0.7,-15.1221,-0.1512,stop
QQQ,2026-08-06T13:35:00+00:00,2026-08-06T14:05:00+00:00,achat,710.905,716.725,81.8667,0.7,81.1667,0.8117,durée
SPY,2026-08-06T13:35:00+00:00,2026-08-06T14:05:00+00:00,achat,769.9,771.43,19.8723,0.5,19.3723,0.1937,durée
SPY,2026-08-06T14:40:00+00:00,2026-08-06T15:10:00+00:00,achat,769.75,769.96,2.7284,0.5,2.2284,0.0223,durée
SPY,2026-08-06T15:20:00+00:00,2026-08-06T15:50:00+00:00,achat,768.975,768.13,-10.9883,0.5,-11.4883,-0.1149,durée
QQQ,2026-08-06T16:00:00+00:00,2026-08-06T16:30:00+00:00,achat,715.17,714.265,-12.6539,0.7,-13.3539,-0.1335,durée
SPY,2026-08-06T16:00:00+00:00,2026-08-06T16:30:00+00:00,achat,768.16,768.31,1.953,0.5,1.453,0.0145,durée
SPY,2026-08-06T17:30:00+00:00,2026-08-06T18:00:00+00:00,achat,767.83,768.8947,13.8663,0.5,13.3663,0.1337,durée
SPY,2026-08-06T18:10:00+00:00,2026-08-06T18:15:00+00:00,vente,768.87,769.5161,-8.4036,0.5,-8.9036,-0.089,stop
QQQ,2026-08-06T18:25:00+00:00,2026-08-06T18:55:00+00:00,vente,716.38,715.07,18.2864,0.7,17.5864,0.1759,durée
QQQ,2026-08-06T19:05:00+00:00,2026-08-06T19:35:00+00:00,vente,716.21,714.97,17.3141,0.7,16.6141,0.1661,durée
QQQ,2026-08-07T13:35:00+00:00,2026-08-07T14:05:00+00:00,vente,722.36,718.09,59.1112,0.7,58.4112,0.5841,durée
SPY,2026-08-07T13:35:00+00:00,2026-08-07T14:05:00+00:00,vente,771.5,770.495,13.0266,0.5,12.5266,0.1253,durée
SPY,2026-08-07T14:20:00+00:00,2026-08-07T14:50:00+00:00,vente,771.83,772.21,-4.9234,0.5,-5.4234,-0.0542,durée
QQQ,2026-08-07T15:30:00+00:00,2026-08-07T16:00:00+00:00,vente,722.8,722.465,4.6342,0.7,3.9342,0.0393,durée
SPY,2026-08-07T15:30:00+00:00,2026-08-07T16:00:00+00:00,vente,773.66,773.155,6.5267,0.5,6.0267,0.0603,durée
SPY,2026-08-07T16:30:00+00:00,2026-08-07T17:00:00+00:00,achat,771.735,772.04,3.952,0.5,3.452,0.0345,durée
QQQ,2026-08-07T18:15:00+00:00,2026-08-07T18:40:00+00:00,achat,720.26,719.5037,-10.5007,0.7,-11.2007,-0.112,stop
SPY,2026-08-07T18:15:00+00:00,2026-08-07T18:40:00+00:00,achat,771.5805,771.0041,-7.4704,0.5,-7.9704,-0.0797,stop
QQQ,2026-08-07T18:50:00+00:00,2026-08-07T19:20:00+00:00,achat,719.745,722.11,32.8587,0.7,32.1587,0.3216,durée
SPY,2026-08-07T18:50:00+00:00,2026-08-07T19:20:00+00:00,achat,771.25,772.9,21.3942,0.5,20.8942,0.2089,durée
QQQ,2026-08-07T19:30:00+00:00,2026-08-07T19:55:00+00:00,vente,722.425,723.015,-8.1673,0.7,-8.8673,-0.0887,clôture
SPY,2026-08-10T14:05:00+00:00,2026-08-10T14:35:00+00:00,vente,773.68,774.34,-8.5311,0.5,-9.0311,-0.0903,durée
QQQ,2026-08-10T14:10:00+00:00,2026-08-10T14:40:00+00:00,vente,724.08,723.91,2.3484,0.7,1.6484,0.0165,durée
SPY,2026-08-10T14:45:00+00:00,2026-08-10T15:15:00+00:00,vente,774.605,773.92,8.8432,0.5,8.3432,0.0834,durée
QQQ,2026-08-10T15:35:00+00:00,2026-08-10T16:05:00+00:00,achat,721.04,722.86,25.2414,0.7,24.5414,0.2454,durée
SPY,2026-08-10T16:35:00+00:00,2026-08-10T17:05:00+00:00,achat,772.74,773.09,4.5298,0.5,4.0298,0.0403,durée
QQQ,2026-08-10T16:45:00+00:00,2026-08-10T17:15:00+00:00,achat,720.89,722.16,17.6165,0.7,16.9165,0.1692,durée
SPY,2026-08-10T19:00:00+00:00,2026-08-10T19:30:00+00:00,vente,773.2,772.89,4.0093,0.5,3.5093,0.0351,durée
QQQ,2026-08-10T19:25:00+00:00,2026-08-10T19:55:00+00:00,vente,722.08,720.805,17.6577,0.7,16.9577,0.1696,durée
SPY,2026-08-10T19:55:00+00:00,2026-08-10T19:55:00+00:00,achat,772.4,773.07,8.674,0.5,8.174,0.0817,clôture
QQQ,2026-08-11T13:35:00+00:00,2026-08-11T13:35:00+00:00,achat,720.76,719.9113,-11.7752,0.7,-12.4752,-0.1248,stop
SPY,2026-08-11T13:35:00+00:00,2026-08-11T14:05:00+00:00,vente,773.46,773.79,-4.266,0.5,-4.766,-0.0477,durée
QQQ,2026-08-11T13:45:00+00:00,2026-08-11T13:45:00+00:00,achat,720.41,719.2989,-15.4224,0.7,-16.1224,-0.1612,stop
QQQ,2026-08-11T13:55:00+00:00,2026-08-11T14:25:00+00:00,achat,719.03,721.83,38.9412,0.7,38.2412,0.3824,durée
SPY,2026-08-11T14:15:00+00:00,2026-08-11T14:45:00+00:00,vente,773.8,773.9,-1.2928,0.5,-1.7928,-0.0179,durée
SPY,2026-08-11T15:15:00+00:00,2026-08-11T15:30:00+00:00,achat,772.66,771.8239,-10.8201,0.5,-11.3201,-0.1132,stop
QQQ,2026-08-11T15:35:00+00:00,2026-08-11T16:05:00+00:00,achat,719.31,719.43,1.6682,0.7,0.9682,0.0097,durée
SPY,2026-08-11T15:40:00+00:00,2026-08-11T16:10:00+00:00,achat,771.855,771.955,1.2961,0.5,0.7961,0.008,durée
SPY,2026-08-11T17:00:00+00:00,2026-08-11T17:30:00+00:00,achat,771.15,770.94,-2.7235,0.5,-3.2235,-0.0322,durée
QQQ,2026-08-11T17:05:00+00:00,2026-08-11T17:35:00+00:00,achat,717.63,717.8109,2.5209,0.7,1.8209,0.0182,durée
QQQ,2026-08-11T18:25:00+00:00,2026-08-11T18:25:00+00:00,achat,717.13,716.1966,-13.0152,0.7,-13.7152,-0.1372,stop
SPY,2026-08-11T18:25:00+00:00,2026-08-11T18:25:00+00:00,achat,770.5,769.7255,-10.0521,0.5,-10.5521,-0.1055,stop
QQQ,2026-08-12T13:35:00+00:00,2026-08-12T14:05:00+00:00,vente,724.27,725.35,-14.911,0.7,-15.611,-0.1561,durée
SPY,2026-08-12T13:35:00+00:00,2026-08-12T14:05:00+00:00,vente,773.05,772.4,8.4078,0.5,7.9078,0.0791,durée
QQQ,2026-08-12T15:35:00+00:00,2026-08-12T16:05:00+00:00,achat,723.22,724.165,13.0667,0.7,12.3667,0.1237,durée
SPY,2026-08-12T15:40:00+00:00,2026-08-12T16:10:00+00:00,achat,771.67,772.5199,11.014,0.5,10.514,0.1051,durée
SPY,2026-08-12T16:40:00+00:00,2026-08-12T17:10:00+00:00,vente,772.76,773.03,-3.4942,0.5,-3.9942,-0.0399,durée
QQQ,2026-08-12T16:50:00+00:00,2026-08-12T17:20:00+00:00,vente,724.76,724.96,-2.7597,0.7,-3.4597,-0.0346,durée
SPY,2026-08-12T18:25:00+00:00,2026-08-12T18:55:00+00:00,vente,773.23,773.06,2.1983,0.5,1.6983,0.017,durée
QQQ,2026-08-12T18:45:00+00:00,2026-08-12T19:15:00+00:00,vente,725.325,724.63,9.582,0.7,8.882,0.0888,durée
QQQ,2026-08-12T19:25:00+00:00,2026-08-12T19:40:00+00:00,achat,724.07,723.4881,-8.0365,0.7,-8.7365,-0.0874,stop
QQQ,2026-08-12T19:55:00+00:00,2026-08-12T19:55:00+00:00,achat,723.8,723.67,-1.7961,0.7,-2.4961,-0.025,clôture
SPY,2026-08-12T19:55:00+00:00,2026-08-12T19:55:00+00:00,achat,772.26,772.52,3.3669,0.5,2.8669,0.0287,clôture
QQQ,2026-08-13T13:35:00+00:00,2026-08-13T13:35:00+00:00,vente,725.97,727.1736,-16.5793,0.7,-17.2793,-0.1728,stop
SPY,2026-08-13T13:35:00+00:00,2026-08-13T13:45:00+00:00,vente,775.39,776.4836,-14.1041,0.5,-14.6041,-0.146,stop
QQQ,2026-08-13T13:45:00+00:00,2026-08-13T13:45:00+00:00,vente,727.64,729.8514,-30.3917,0.7,-31.0917,-0.3109,stop
QQQ,2026-08-13T13:55:00+00:00,2026-08-13T14:25:00+00:00,vente,730.855,732.96,-28.8025,0.7,-29.5025,-0.295,durée
SPY,2026-08-13T13:55:00+00:00,2026-08-13T14:25:00+00:00,vente,777.135,779.19,-26.4432,0.5,-26.9432,-0.2694,durée
QQQ,2026-08-13T14:35:00+00:00,2026-08-13T15:05:00+00:00,vente,733.66,732.495,15.879,0.7,15.179,0.1518,durée
SPY,2026-08-13T15:35:00+00:00,2026-08-13T16:05:00+00:00,achat,775.74,775.965,2.9009,0.5,2.4009,0.024,durée
QQQ,2026-08-13T15:50:00+00:00,2026-08-13T16:20:00+00:00,achat,730.73,731.34,8.3485,0.7,7.6485,0.0765,durée
QQQ,2026-08-13T17:10:00+00:00,2026-08-13T17:40:00+00:00,vente,732.83,732.53,4.0936,0.7,3.3936,0.0339,durée
SPY,2026-08-13T17:10:00+00:00,2026-08-13T17:40:00+00:00,vente,777.25,776.62,8.1056,0.5,7.6056,0.0761,durée
SPY,2026-08-13T18:40:00+00:00,2026-08-13T18:50:00+00:00,vente,777.41,777.9235,-6.6056,0.5,-7.1056,-0.0711,stop
SPY,2026-08-13T19:00:00+00:00,2026-08-13T19:30:00+00:00,vente,777.75,778.04,-3.7284,0.5,-4.2284,-0.0423,durée
QQQ,2026-08-14T13:45:00+00:00,2026-08-14T14:15:00+00:00,vente,733.86,731.785,28.2753,0.7,27.5753,0.2758,durée
SPY,2026-08-14T13:55:00+00:00,2026-08-14T14:25:00+00:00,vente,778.47,777.41,13.6164,0.5,13.1164,0.1312,durée
QQQ,2026-08-14T14:25:00+00:00,2026-08-14T14:55:00+00:00,achat,731.4999,730.6,-12.3022,0.7,-13.0022,-0.13,durée
SPY,2026-08-14T14:35:00+00:00,2026-08-14T15:05:00+00:00,achat,776.86,776.66,-2.5746,0.5,-3.0746,-0.0307,durée
QQQ,2026-08-14T15:05:00+00:00,2026-08-14T15:25:00+00:00,achat,730.59,728.6663,-26.3307,0.7,-27.0307,-0.2703,stop
SPY,2026-08-14T15:15:00+00:00,2026-08-14T15:45:00+00:00,achat,776.45,775.89,-7.2123,0.5,-7.7123,-0.0771,durée
QQQ,2026-08-14T15:35:00+00:00,2026-08-14T16:05:00+00:00,achat,728.77,729.0351,3.6373,0.7,2.9373,0.0294,durée
SPY,2026-08-14T16:55:00+00:00,2026-08-14T17:25:00+00:00,achat,775.93,775.77,-2.0617,0.5,-2.5617,-0.0256,durée
SPY,2026-08-14T17:40:00+00:00,2026-08-14T18:10:00+00:00,achat,775.55,776.16,7.8652,0.5,7.3652,0.0737,durée
QQQ,2026-08-14T18:45:00+00:00,2026-08-14T19:15:00+00:00,vente,729.675,729.7,-0.343,0.7,-1.043,-0.0104,durée
SPY,2026-08-14T18:45:00+00:00,2026-08-14T19:15:00+00:00,vente,776.21,775.995,2.7702,0.5,2.2702,0.0227,durée
QQQ,2026-08-14T19:35:00+00:00,2026-08-14T19:50:00+00:00,vente,729.9899,730.5417,-7.5587,0.7,-8.2587,-0.0826,stop
QQQ,2026-08-17T13:35:00+00:00,2026-08-17T13:50:00+00:00,vente,732.41,733.7458,-18.2385,0.7,-18.9385,-0.1894,stop
SPY,2026-08-17T13:35:00+00:00,2026-08-17T14:00:00+00:00,achat,775.5099,775.1741,-4.3299,0.5,-4.8299,-0.0483,stop
QQQ,2026-08-17T14:00:00+00:00,2026-08-17T14:30:00+00:00,vente,733.3395,732.59,10.2197,0.7,9.5197,0.0952,durée
SPY,2026-08-17T14:10:00+00:00,2026-08-17T14:40:00+00:00,achat,775.44,775.1212,-4.111,0.5,-4.611,-0.0461,durée
SPY,2026-08-17T14:55:00+00:00,2026-08-17T15:25:00+00:00,achat,774.96,775.715,9.7425,0.5,9.2425,0.0924,durée
QQQ,2026-08-17T15:05:00+00:00,2026-08-17T15:35:00+00:00,vente,734.15,733.07,14.7111,0.7,14.0111,0.1401,durée
SPY,2026-08-17T15:40:00+00:00,2026-08-17T16:10:00+00:00,achat,775.01,775.38,4.7741,0.5,4.2741,0.0427,durée
QQQ,2026-08-17T16:45:00+00:00,2026-08-17T17:10:00+00:00,achat,732.13,730.8779,-17.102,0.7,-17.802,-0.178,stop
SPY,2026-08-17T16:45:00+00:00,2026-08-17T17:05:00+00:00,achat,774.945,774.5246,-5.4255,0.5,-5.9255,-0.0593,stop
SPY,2026-08-17T17:15:00+00:00,2026-08-17T17:25:00+00:00,achat,774.29,773.5939,-8.9901,0.5,-9.4901,-0.0949,stop
QQQ,2026-08-17T17:20:00+00:00,2026-08-17T17:50:00+00:00,achat,730.825,730.39,-5.9521,0.7,-6.6521,-0.0665,durée
QQQ,2026-08-17T19:15:00+00:00,2026-08-17T19:45:00+00:00,achat,729.74,730.5401,10.9643,0.7,10.2643,0.1026,durée
QQQ,2026-08-18T13:35:00+00:00,2026-08-18T14:05:00+00:00,achat,720.06,718.4999,-21.6665,0.7,-22.3665,-0.2237,durée
SPY,2026-08-18T13:35:00+00:00,2026-08-18T14:05:00+00:00,achat,768.55,768.54,-0.1302,0.5,-0.6302,-0.0063,durée
QQQ,2026-08-18T14:15:00+00:00,2026-08-18T14:45:00+00:00,achat,717.67,718.09,5.8529,0.7,5.1529,0.0515,durée
SPY,2026-08-18T14:15:00+00:00,2026-08-18T14:45:00+00:00,achat,768.11,768.47,4.6866,0.5,4.1866,0.0419,durée
QQQ,2026-08-18T16:50:00+00:00,2026-08-18T17:20:00+00:00,vente,719.52,717.965,21.6115,0.7,20.9115,0.2091,durée
SPY,2026-08-18T16:50:00+00:00,2026-08-18T17:20:00+00:00,vente,768.77,768.26,6.6341,0.5,6.1341,0.0613,durée
SPY,2026-08-18T17:45:00+00:00,2026-08-18T17:55:00+00:00,achat,768.07,767.6732,-5.1666,0.5,-5.6666,-0.0567,stop
QQQ,2026-08-18T17:50:00+00:00,2026-08-18T18:05:00+00:00,achat,717.85,716.9191,-12.9678,0.7,-13.6678,-0.1367,stop
SPY,2026-08-18T18:05:00+00:00,2026-08-18T18:35:00+00:00,achat,767.64,768.32,8.8582,0.5,8.3582,0.0836,durée
SPY,2026-08-18T19:15:00+00:00,2026-08-18T19:45:00+00:00,achat,767.62,767.89,3.5176,0.5,3.0176,0.0302,durée
QQQ,2026-08-19T13:35:00+00:00,2026-08-19T14:05:00+00:00,vente,719.77,714.38,74.8852,0.7,74.1852,0.7419,durée
SPY,2026-08-19T13:35:00+00:00,2026-08-19T14:05:00+00:00,vente,770.03,769.7867,3.1602,0.5,2.6602,0.0266,durée
QQQ,2026-08-19T14:15:00+00:00,2026-08-19T14:45:00+00:00,achat,712.77,716.33,49.9459,0.7,49.2459,0.4925,durée
SPY,2026-08-19T14:40:00+00:00,2026-08-19T15:10:00+00:00,vente,771.155,771.82,-8.6231,0.5,-9.1231,-0.0912,durée
QQQ,2026-08-19T16:55:00+00:00,2026-08-19T17:20:00+00:00,achat,717.295,716.1413,-16.0832,0.7,-16.7832,-0.1678,stop
SPY,2026-08-19T16:55:00+00:00,2026-08-19T17:25:00+00:00,achat,769.88,769.57,-4.0266,0.5,-4.5266,-0.0453,durée
QQQ,2026-08-19T17:35:00+00:00,2026-08-19T18:05:00+00:00,achat,716.025,715.605,-5.8663,0.7,-6.5663,-0.0657,durée
SPY,2026-08-19T17:35:00+00:00,2026-08-19T18:05:00+00:00,achat,769.2,769.001,-2.5876,0.5,-3.0876,-0.0309,durée
QQQ,2026-08-19T19:20:00+00:00,2026-08-19T19:50:00+00:00,vente,717.165,715.82,18.754,0.7,18.054,0.1805,durée
SPY,2026-08-19T19:20:00+00:00,2026-08-19T19:50:00+00:00,vente,770.01,768.72,16.7535,0.5,16.2535,0.1625,durée
QQQ,2026-08-20T13:35:00+00:00,2026-08-20T13:50:00+00:00,achat,713.37,711.7192,-23.1406,0.7,-23.8406,-0.2384,stop
SPY,2026-08-20T13:35:00+00:00,2026-08-20T14:05:00+00:00,achat,767.06,766.645,-5.41,0.5,-5.91,-0.0591,durée
QQQ,2026-08-20T14:00:00+00:00,2026-08-20T14:30:00+00:00,achat,712.1595,711.75,-5.7499,0.7,-6.4499,-0.0645,durée
SPY,2026-08-20T14:15:00+00:00,2026-08-20T14:45:00+00:00,achat,765.97,766.73,9.9222,0.5,9.4222,0.0942,durée
QQQ,2026-08-20T15:35:00+00:00,2026-08-20T16:05:00+00:00,achat,710.91,711.681,10.8461,0.7,10.1461,0.1015,durée
SPY,2026-08-20T15:40:00+00:00,2026-08-20T16:10:00+00:00,achat,765.55,765.515,-0.4568,0.5,-0.9568,-0.0096,durée
SPY,2026-08-20T17:20:00+00:00,2026-08-20T17:50:00+00:00,achat,764.85,764.769,-1.0589,0.5,-1.5589,-0.0156,durée
QQQ,2026-08-20T18:05:00+00:00,2026-08-20T18:35:00+00:00,achat,709.95,708.97,-13.8044,0.7,-14.5044,-0.145,durée
SPY,2026-08-20T18:05:00+00:00,2026-08-20T18:35:00+00:00,achat,764.1,763.42,-8.8993,0.5,-9.3993,-0.094,durée
QQQ,2026-08-20T19:40:00+00:00,2026-08-20T19:55:00+00:00,vente,711.5,710.95,7.73,0.7,7.03,0.0703,clôture
SPY,2026-08-20T19:55:00+00:00,2026-08-20T19:55:00+00:00,achat,762.92,762.2902,-8.2547,0.5,-8.7547,-0.0875,stop
QQQ,2026-08-21T13:35:00+00:00,2026-08-21T14:05:00+00:00,vente,712.66,711.42,17.3995,0.7,16.6995,0.167,durée
SPY,2026-08-21T13:35:00+00:00,2026-08-21T14:05:00+00:00,vente,764.87,765.24,-4.8374,0.5,-5.3374,-0.0534,durée
QQQ,2026-08-21T14:20:00+00:00,2026-08-21T14:50:00+00:00,achat,709.45,711.07,22.8345,0.7,22.1345,0.2213,durée
SPY,2026-08-21T15:00:00+00:00,2026-08-21T15:30:00+00:00,vente,765.81,766.49,-8.8794,0.5,-9.3794,-0.0938,durée
QQQ,2026-08-21T15:05:00+00:00,2026-08-21T15:35:00+00:00,vente,712.59,714.1195,-21.4631,0.7,-22.1631,-0.2216,stop
SPY,2026-08-21T15:40:00+00:00,2026-08-21T16:10:00+00:00,vente,767.05,766.24,10.5599,0.5,10.0599,0.1006,durée
QQQ,2026-08-21T15:45:00+00:00,2026-08-21T16:15:00+00:00,vente,714.8,713.53,17.7666,0.7,17.0666,0.1707,durée
SPY,2026-08-21T17:35:00+00:00,2026-08-21T18:05:00+00:00,achat,765.52,765.315,-2.6781,0.5,-3.1781,-0.0318,durée
QQQ,2026-08-21T18:00:00+00:00,2026-08-21T18:30:00+00:00,achat,713.1299,712.641,-6.8553,0.7,-7.5553,-0.0756,stop
SPY,2026-08-21T18:15:00+00:00,2026-08-21T18:45:00+00:00,achat,765.35,765.6561,4.0002,0.5,3.5002,0.035,durée
QQQ,2026-08-21T18:40:00+00:00,2026-08-21T19:10:00+00:00,achat,712.62,713.27,9.1216,0.7,8.4216,0.0842,durée
SPY,2026-08-21T19:00:00+00:00,2026-08-21T19:30:00+00:00,vente,766.2,766.0846,1.5064,0.5,1.0064,0.0101,durée
QQQ,2026-08-24T13:35:00+00:00,2026-08-24T13:40:00+00:00,achat,706.66,703.8942,-39.1384,0.7,-39.8384,-0.3984,stop
SPY,2026-08-24T13:35:00+00:00,2026-08-24T13:40:00+00:00,achat,763.51,762.2609,-16.3602,0.5,-16.8602,-0.1686,stop
QQQ,2026-08-24T13:50:00+00:00,2026-08-24T14:20:00+00:00,achat,703.715,703.93,3.0547,0.7,2.3547,0.0235,durée
SPY,2026-08-24T13:50:00+00:00,2026-08-24T14:20:00+00:00,achat,763.11,762.85,-3.4072,0.5,-3.9072,-0.0391,durée
QQQ,2026-08-24T15:30:00+00:00,2026-08-24T16:00:00+00:00,vente,706.8,708.11,-18.5342,0.7,-19.2342,-0.1923,durée
SPY,2026-08-24T15:40:00+00:00,2026-08-24T16:00:00+00:00,vente,764.03,764.9444,-11.9681,0.5,-12.4681,-0.1247,stop
QQQ,2026-08-24T16:20:00+00:00,2026-08-24T16:50:00+00:00,vente,708.68,708.285,5.574,0.7,4.874,0.0487,durée
SPY,2026-08-24T16:20:00+00:00,2026-08-24T16:50:00+00:00,vente,765.0499,764.21,10.9784,0.5,10.4784,0.1048,durée
SPY,2026-08-24T17:25:00+00:00,2026-08-24T17:55:00+00:00,achat,763.57,763.29,-3.6674,0.5,-4.1674,-0.0417,durée
QQQ,2026-08-24T17:30:00+00:00,2026-08-24T18:00:00+00:00,achat,707.25,707.515,3.7471,0.7,3.0471,0.0305,durée
QQQ,2026-08-24T18:25:00+00:00,2026-08-24T18:55:00+00:00,vente,709.135,707.63,21.2231,0.7,20.5231,0.2052,durée
SPY,2026-08-24T18:30:00+00:00,2026-08-24T19:00:00+00:00,vente,764.8,763.92,11.5063,0.5,11.0063,0.1101,durée
QQQ,2026-08-25T13:35:00+00:00,2026-08-25T14:05:00+00:00,vente,713.08,710.36,38.1448,0.7,37.4448,0.3744,durée
SPY,2026-08-25T13:35:00+00:00,2026-08-25T14:05:00+00:00,vente,766.69,765.34,17.6078,0.5,17.1078,0.1711,durée
SPY,2026-08-25T16:05:00+00:00,2026-08-25T16:35:00+00:00,vente,765.57,765.9,-4.3107,0.5,-4.8107,-0.0481,durée
QQQ,2026-08-25T16:20:00+00:00,2026-08-25T16:50:00+00:00,vente,710.9699,710.325,9.0707,0.7,8.3707,0.0837,durée
QQQ,2026-08-25T17:10:00+00:00,2026-08-25T17:40:00+00:00,achat,709.74,709.4399,-4.2284,0.7,-4.9284,-0.0493,durée
SPY,2026-08-25T17:30:00+00:00,2026-08-25T18:00:00+00:00,achat,764.82,764.83,0.1309,0.5,-0.3691,-0.0037,durée
QQQ,2026-08-25T18:05:00+00:00,2026-08-25T18:10:00+00:00,achat,709.02,707.7527,-17.8744,0.7,-18.5744,-0.1857,stop
QQQ,2026-08-25T18:50:00+00:00,2026-08-25T19:20:00+00:00,vente,710.57,709.47,15.481,0.7,14.781,0.1478,durée
SPY,2026-08-25T18:50:00+00:00,2026-08-25T19:20:00+00:00,vente,765.82,765.06,9.9241,0.5,9.4241,0.0942,durée
QQQ,2026-08-25T19:55:00+00:00,2026-08-25T19:55:00+00:00,vente,710.9,710.64,3.6575,0.7,2.9575,0.0296,clôture
SPY,2026-08-25T19:55:00+00:00,2026-08-25T19:55:00+00:00,vente,766.14,765.835,3.9809,0.5,3.4809,0.0348,clôture
QQQ,2026-08-26T13:45:00+00:00,2026-08-26T13:55:00+00:00,vente,711.16,712.1487,-13.9025,0.7,-14.6025,-0.146,stop
SPY,2026-08-26T13:45:00+00:00,2026-08-26T14:15:00+00:00,vente,766.32,765.965,4.6323,0.5,4.1323,0.0413,durée
QQQ,2026-08-26T14:05:00+00:00,2026-08-26T14:35:00+00:00,vente,711.57,709.37,30.9177,0.7,30.2177,0.3022,durée
SPY,2026-08-26T16:30:00+00:00,2026-08-26T17:00:00+00:00,achat,764.795,764.889,1.229,0.5,0.729,0.0073,durée
QQQ,2026-08-26T16:40:00+00:00,2026-08-26T17:10:00+00:00,achat,708.6,709.88,18.0642,0.7,17.3642,0.1736,durée
QQQ,2026-08-26T17:35:00+00:00,2026-08-26T18:05:00+00:00,vente,710.86,711.1782,-4.4768,0.7,-5.1768,-0.0518,durée
QQQ,2026-08-26T18:50:00+00:00,2026-08-26T19:20:00+00:00,vente,711.8508,712.52,-9.4007,0.7,-10.1007,-0.101,durée
SPY,2026-08-26T18:50:00+00:00,2026-08-26T19:00:00+00:00,vente,766.31,767.1629,-11.1301,0.5,-11.6301,-0.1163,stop
SPY,2026-08-26T19:10:00+00:00,2026-08-26T19:40:00+00:00,vente,766.955,766.69,3.4554,0.5,2.9554,0.0296,durée
QQQ,2026-08-27T13:35:00+00:00,2026-08-27T13:40:00+00:00,vente,715.51,717.4991,-27.7994,0.7,-28.4994,-0.285,stop
SPY,2026-08-27T13:35:00+00:00,2026-08-27T13:40:00+00:00,vente,767.48,768.7184,-16.1362,0.5,-16.6362,-0.1664,stop
QQQ,2026-08-27T13:50:00+00:00,2026-08-27T14:20:00+00:00,vente,716.01,718.5989,-36.1569,0.7,-36.8569,-0.3686,durée
SPY,2026-08-27T13:55:00+00:00,2026-08-27T14:25:00+00:00,vente,769.17,769.675,-6.5656,0.5,-7.0656,-0.0707,durée
QQQ,2026-08-27T14:30:00+00:00,2026-08-27T15:00:00+00:00,vente,718.93,719.04,-1.5298,0.7,-2.2298,-0.0223,durée
SPY,2026-08-27T14:50:00+00:00,2026-08-27T15:20:00+00:00,vente,770.22,770.78,-7.2714,0.5,-7.7714,-0.0777,durée
SPY,2026-08-27T16:35:00+00:00,2026-08-27T17:00:00+00:00,vente,771.16,772.1025,-12.2227,0.5,-12.7227,-0.1272,stop
QQQ,2026-08-27T16:40:00+00:00,2026-08-27T17:10:00+00:00,vente,719.77,720.46,-9.5864,0.7,-10.2864,-0.1029,durée
SPY,2026-08-27T17:10:00+00:00,2026-08-27T17:40:00+00:00,vente,772.23,771.64,7.6398,0.5,7.1398,0.0714,durée
QQQ,2026-08-27T18:05:00+00:00,2026-08-27T18:35:00+00:00,achat,718.19,718.29,1.392,0.7,0.692,0.0069,durée
SPY,2026-08-27T18:05:00+00:00,2026-08-27T18:25:00+00:00,achat,770.525,769.3885,-14.7496,0.5,-15.2496,-0.1525,stop
QQQ,2026-08-27T19:40:00+00:00,2026-08-27T19:50:00+00:00,vente,719.495,720.7443,-17.3637,0.7,-18.0637,-0.1806,stop
SPY,2026-08-28T13:35:00+00:00,2026-08-28T14:05:00+00:00,vente,772.025,771.0,13.2771,0.5,12.7771,0.1278,durée
QQQ,2026-08-28T13:40:00+00:00,2026-08-28T14:10:00+00:00,vente,720.31,717.55,38.317,0.7,37.617,0.3762,durée
QQQ,2026-08-28T14:35:00+00:00,2026-08-28T14:50:00+00:00,vente,721.09,722.8949,-25.03,0.7,-25.73,-0.2573,stop
SPY,2026-08-28T14:45:00+00:00,2026-08-28T15:00:00+00:00,vente,773.43,775.1816,-22.6474,0.5,-23.1474,-0.2315,stop
QQQ,2026-08-28T15:00:00+00:00,2026-08-28T15:30:00+00:00,vente,723.78,722.97,11.1921,0.7,10.4921,0.1049,durée
SPY,2026-08-28T15:25:00+00:00,2026-08-28T15:55:00+00:00,vente,774.82,771.07,48.3983,0.5,47.8983,0.479,durée
QQQ,2026-08-28T16:00:00+00:00,2026-08-28T16:30:00+00:00,achat,717.93,716.0299,-26.4662,0.7,-27.1662,-0.2717,durée
SPY,2026-08-28T16:20:00+00:00,2026-08-28T16:50:00+00:00,achat,770.18,769.94,-3.116,0.5,-3.616,-0.0362,durée
QQQ,2026-08-28T18:55:00+00:00,2026-08-28T19:25:00+00:00,achat,715.44,716.53,15.2358,0.7,14.5358,0.1454,durée
SPY,2026-08-28T18:55:00+00:00,2026-08-28T19:25:00+00:00,achat,768.52,769.515,12.9469,0.5,12.4469,0.1245,durée
SPY,2026-08-31T13:35:00+00:00,2026-08-31T14:05:00+00:00,achat,766.37,765.5,-11.3522,0.5,-11.8522,-0.1185,durée
QQQ,2026-08-31T13:40:00+00:00,2026-08-31T14:10:00+00:00,achat,714.25,714.09,-2.2397,0.7,-2.9397,-0.0294,durée
QQQ,2026-08-31T14:25:00+00:00,2026-08-31T14:55:00+00:00,achat,713.4,714.6,16.8202,0.7,16.1202,0.1612,durée
SPY,2026-08-31T14:25:00+00:00,2026-08-31T14:55:00+00:00,achat,765.01,765.95,12.2875,0.5,11.7875,0.1179,durée
QQQ,2026-08-31T16:05:00+00:00,2026-08-31T16:35:00+00:00,achat,713.45,714.135,9.6012,0.7,8.9012,0.089,durée
SPY,2026-08-31T16:40:00+00:00,2026-08-31T17:10:00+00:00,achat,765.23,765.92,9.0169,0.5,8.5169,0.0852,durée
QQQ,2026-08-31T17:00:00+00:00,2026-08-31T17:30:00+00:00,vente,715.2,713.9901,16.9169,0.7,16.2169,0.1622,durée
QQQ,2026-08-31T17:45:00+00:00,2026-08-31T18:15:00+00:00,vente,715.205,715.53,-4.5443,0.7,-5.2443,-0.0524,durée
SPY,2026-08-31T17:45:00+00:00,2026-08-31T18:15:00+00:00,vente,766.26,766.695,-5.6769,0.5,-6.1769,-0.0618,durée
QQQ,2026-08-31T18:40:00+00:00,2026-08-31T19:10:00+00:00,achat,714.1769,714.85,9.4248,0.7,8.7248,0.0872,durée
SPY,2026-08-31T19:45:00+00:00,2026-08-31T19:55:00+00:00,vente,767.0,767.9408,-12.2653,0.5,-12.7653,-0.1277,stop
QQQ,2026-09-01T13:35:00+00:00,2026-09-01T14:05:00+00:00,achat,707.05,708.3412,18.2618,0.7,17.5618,0.1756,durée
SPY,2026-09-01T13:35:00+00:00,2026-09-01T14:05:00+00:00,achat,761.94,762.9,12.5997,0.5,12.0997,0.121,durée
QQQ,2026-09-01T15:40:00+00:00,2026-09-01T16:10:00+00:00,vente,711.09,710.31,10.9695,0.7,10.2695,0.1027,durée
SPY,2026-09-01T15:50:00+00:00,2026-09-01T16:20:00+00:00,vente,764.56,762.87,22.1042,0.5,21.6042,0.216,durée
SPY,2026-09-01T16:30:00+00:00,2026-09-01T17:00:00+00:00,achat,762.54,761.71,-10.8841,0.5,-11.3841,-0.1138,durée
QQQ,2026-09-01T16:35:00+00:00,2026-09-01T17:05:00+00:00,achat,707.935,708.254,4.5065,0.7,3.8065,0.0381,durée
QQQ,2026-09-01T18:15:00+00:00,2026-09-01T18:40:00+00:00,achat,707.1,705.9037,-16.9184,0.7,-17.6184,-0.1762,stop
SPY,2026-09-01T18:30:00+00:00,2026-09-01T18:30:00+00:00,achat,761.2199,760.7436,-6.2577,0.5,-6.7577,-0.0676,stop
SPY,2026-09-01T18:40:00+00:00,2026-09-01T18:40:00+00:00,achat,760.54,759.7914,-9.8431,0.5,-10.3431,-0.1034,stop
QQQ,2026-09-01T18:50:00+00:00,2026-09-01T19:20:00+00:00,achat,705.6,707.425,25.8647,0.7,25.1647,0.2516,durée
SPY,2026-09-01T18:50:00+00:00,2026-09-01T19:20:00+00:00,achat,760.2,761.28,14.207,0.5,13.707,0.1371,durée
SPY,2026-09-02T13:35:00+00:00,2026-09-02T14:00:00+00:00,vente,762.4,763.5214,-14.7086,0.5,-15.2086,-0.1521,stop
QQQ,2026-09-02T13:55:00+00:00,2026-09-02T14:25:00+00:00,achat,705.41,709.2,53.7282,0.7,53.0282,0.5303,durée
SPY,2026-09-02T14:10:00+00:00,2026-09-02T14:35:00+00:00,vente,763.73,765.788,-26.9469,0.5,-27.4469,-0.2745,stop
QQQ,2026-09-02T14:35:00+00:00,2026-09-02T15:05:00+00:00,vente,709.65,708.42,17.3331,0.7,16.6331,0.1663,durée
SPY,2026-09-02T14:45:00+00:00,2026-09-02T15:15:00+00:00,vente,766.29,765.975,4.1107,0.5,3.6107,0.0361,durée
SPY,2026-09-02T16:25:00+00:00,2026-09-02T16:55:00+00:00,achat,764.985,764.92,-0.8497,0.5,-1.3497,-0.0135,durée
QQQ,2026-09-02T17:10:00+00:00,2026-09-02T17:40:00+00:00,achat,707.835,708.4934,9.3014,0.7,8.6014,0.086,durée
SPY,2026-09-02T17:10:00+00:00,2026-09-02T17:40:00+00:00,achat,764.6615,764.9,3.1194,0.5,2.6194,0.0262,durée
QQQ,2026-09-02T18:20:00+00:00,2026-09-02T18:50:00+00:00,vente,708.85,708.06,11.1445,0.7,10.4445,0.1044,durée
SPY,2026-09-02T18:20:00+00:00,2026-09-02T18:50:00+00:00,vente,765.6,764.81,10.3184,0.5,9.8184,0.0982,durée
QQQ,2026-09-02T19:45:00+00:00,2026-09-02T19:50:00+00:00,vente,708.9,709.4139,-7.2496,0.7,-7.9496,-0.0795,stop
